security,horizon,fold,feature,relevance
NOR_10Y,252,ZIRP_early,chg_lag1,0.0
NOR_10Y,252,ZIRP_early,chg_lag2,0.0
NOR_10Y,252,ZIRP_early,chg_lag3,0.0
NOR_10Y,252,ZIRP_early,chg_lag4,0.0
NOR_10Y,252,ZIRP_early,chg_lag5,0.0
NOR_10Y,252,ZIRP_early,carry_roll,0.0
NOR_10Y,252,ZIRP_early,mom_63d,0.0
NOR_10Y,252,ZIRP_early,mom_1m,0.0
NOR_10Y,252,ZIRP_early,mom_3m,0.0
NOR_10Y,252,ZIRP_early,mom_6m,0.0
NOR_10Y,252,ZIRP_early,mom_12m,0.0
NOR_10Y,252,ZIRP_early,dev_ma_3m,0.0
NOR_10Y,252,ZIRP_early,dev_ma_12m,0.0
NOR_10Y,252,ZIRP_early,vol_20d,0.0
NOR_10Y,252,ZIRP_early,vol_regime,100.0
NOR_10Y,252,ZIRP_early,vol_zscore,0.0
NOR_10Y,252,ZIRP_early,level_zscore,0.0
NOR_10Y,252,ZIRP_early,slope_10_1,0.0
NOR_10Y,252,ZIRP_early,slope_10_5,0.0
NOR_10Y,252,ZIRP_early,slope_5_1,0.0
NOR_10Y,252,ZIRP_early,sofr_mom_1m,0.0
NOR_10Y,252,ZIRP_early,ibor_level,0.0
NOR_10Y,252,ZIRP_early,ibor_chg_1d,0.0
NOR_10Y,252,ZIRP_early,ibor_mom_1m,0.0
NOR_10Y,252,ZIRP_early,ibor_term_slope,0.0
NOR_10Y,252,ZIRP_early,swap_ibor_basis,0.0
NOR_10Y,252,ZIRP_early,move_level,0.0
NOR_10Y,252,ZIRP_early,move_zscore,0.0
NOR_10Y,252,ZIRP_early,vix_level,0.0
NOR_10Y,252,ZIRP_early,vix_zscore,0.0
NOR_10Y,252,ZIRP_early,v2x_level,0.0
NOR_10Y,252,ZIRP_early,vxn_level,0.0
NOR_10Y,252,ZIRP_early,ovx_level,0.0
NOR_10Y,252,ZIRP_early,gvz_level,0.0
NOR_10Y,252,ZIRP_early,spx_mom_1m,0.0
NOR_10Y,252,ZIRP_early,spx_mom_3m,0.0
NOR_10Y,252,ZIRP_early,sx5e_mom_1m,0.0
NOR_10Y,252,ZIRP_early,sx5e_mom_3m,0.0
NOR_10Y,252,ZIRP_early,mxwo_mom_1m,0.0
NOR_10Y,252,ZIRP_early,ndx_mom_1m,0.0
NOR_10Y,252,ZIRP_early,oil_mom_1m,0.0
NOR_10Y,252,ZIRP_early,oil_mom_3m,0.0
NOR_10Y,252,ZIRP_early,copper_mom_1m,0.0
NOR_10Y,252,ZIRP_early,opec_prod,0.0
NOR_10Y,252,ZIRP_early,natgas_mom_1m,0.0
NOR_10Y,252,ZIRP_early,be5y_level,0.0
NOR_10Y,252,ZIRP_early,be10y_level,0.0
NOR_10Y,252,ZIRP_early,be_slope,0.0
NOR_10Y,252,ZIRP_early,be5y_chg_1m,0.0
NOR_10Y,252,ZIRP_early,ig_spread,0.0
NOR_10Y,252,ZIRP_early,hy_spread,0.0
NOR_10Y,252,ZIRP_early,ig_chg_1m,0.0
NOR_10Y,252,ZIRP_early,hy_chg_1m,0.0
NOR_10Y,252,ZIRP_early,cpi_yoy,0.0
NOR_10Y,252,ZIRP_early,pce_core_chg,0.0
NOR_10Y,252,ZIRP_early,nfp_change,0.0
NOR_10Y,252,ZIRP_early,pmi_us,0.0
NOR_10Y,252,ZIRP_early,pmi_eur,0.0
NOR_10Y,252,ZIRP_early,unemp_eur,0.0
NOR_10Y,252,ZIRP_early,cpi_nsa_level,0.0
NOR_10Y,252,ZIRP_early,pce_core_level,0.0
NOR_10Y,252,ZIRP_early,eur_3m,0.0
NOR_10Y,252,ZIRP_early,eur_1w,0.0
NOR_10Y,252,ZIRP_early,nor_ibor_1m,0.0
NOR_10Y,252,ZIRP_early,nor_ibor_6m,0.0
NOR_10Y,252,ZIRP_early,nor_ecb_dfr_chg,0.0
NOR_10Y,252,ZIRP_early,nor_ecb_dfr_level,0.0
NOR_10Y,252,ZIRP_early,nor_eurnok_chg_1d,0.0
NOR_10Y,252,ZIRP_early,nor_eurnok_level,0.0
NOR_10Y,252,ZIRP_early,nor_eurnok_mom_1m,0.0
NOR_10Y,252,ZIRP_early,nor_eurnok_mom_3m,0.0
NOR_10Y,252,ZIRP_early,nor_eurnok_rvol_20d,0.0
NOR_10Y,252,ZIRP_early,nor_govt_10y,0.0
NOR_10Y,252,ZIRP_early,nor_govt_3y,0.0
NOR_10Y,252,ZIRP_early,nor_govt_5y,0.0
NOR_10Y,252,ZIRP_early,nor_i44_chg_1d,0.0
NOR_10Y,252,ZIRP_early,nor_i44_level,0.0
NOR_10Y,252,ZIRP_early,nor_i44_mom_1m,0.0
NOR_10Y,252,ZIRP_early,nor_i44_mom_3m,0.0
NOR_10Y,252,ZIRP_early,nor_i44_rvol_20d,0.0
NOR_10Y,252,ZIRP_early,nor_kpi_yoy,0.0
NOR_10Y,252,ZIRP_early,nor_kpijae_yoy,0.0
NOR_10Y,252,ZIRP_early,nor_nibor_nowa_spread,0.0
NOR_10Y,252,ZIRP_early,nor_nowa_level,0.0
NOR_10Y,252,ZIRP_early,nor_polrate_chg_1d,0.0
NOR_10Y,252,ZIRP_early,nor_polrate_days_since_chg,0.0
NOR_10Y,252,ZIRP_early,nor_polrate_level,0.0
NOR_10Y,252,ZIRP_early,nor_rb_rate_chg,0.0
NOR_10Y,252,ZIRP_early,nor_rb_rate_level,0.0
NOR_10Y,252,ZIRP_early,nor_unemp,0.0
NOR_10Y,252,ZIRP_early,nor_usdnok_chg_1d,0.0
NOR_10Y,252,ZIRP_early,nor_usdnok_level,0.0
NOR_10Y,252,ZIRP_early,nor_usdnok_mom_1m,0.0
NOR_10Y,252,ZIRP_early,nor_usdnok_mom_3m,0.0
NOR_10Y,252,ZIRP_early,nor_usdnok_rvol_20d,0.0
NOR_10Y,252,ZIRP_early,swap_govt_spread,0.0
NOR_10Y,252,ZIRP_early,xmpca_01,0.0
NOR_10Y,252,ZIRP_early,xmpca_02,0.0
NOR_10Y,252,ZIRP_early,xmpca_03,0.0
NOR_10Y,252,ZIRP_early,xmpca_04,0.0
NOR_10Y,252,ZIRP_early,xmpca_05,0.0
NOR_10Y,252,ZIRP_early,xmpca_06,0.0
NOR_10Y,252,ZIRP_early,xmpca_07,0.0
NOR_10Y,252,ZIRP_early,xmpca_08,0.0
NOR_10Y,252,ZIRP_early,xmpca_09,0.0
NOR_10Y,252,ZIRP_early,xmpca_10,0.0
NOR_10Y,252,ZIRP_early,xmpca_11,0.0
NOR_10Y,252,ZIRP_early,xmpca_12,0.0
NOR_10Y,252,ZIRP_late,chg_lag1,0.0
NOR_10Y,252,ZIRP_late,chg_lag2,0.0
NOR_10Y,252,ZIRP_late,chg_lag3,0.0
NOR_10Y,252,ZIRP_late,chg_lag4,0.0
NOR_10Y,252,ZIRP_late,chg_lag5,0.0
NOR_10Y,252,ZIRP_late,carry_roll,0.0
NOR_10Y,252,ZIRP_late,mom_63d,0.0
NOR_10Y,252,ZIRP_late,mom_1m,0.0
NOR_10Y,252,ZIRP_late,mom_3m,0.0
NOR_10Y,252,ZIRP_late,mom_6m,0.0
NOR_10Y,252,ZIRP_late,mom_12m,27.832719802856445
NOR_10Y,252,ZIRP_late,dev_ma_3m,0.0
NOR_10Y,252,ZIRP_late,dev_ma_12m,0.0
NOR_10Y,252,ZIRP_late,vol_20d,0.0
NOR_10Y,252,ZIRP_late,vol_regime,0.0
NOR_10Y,252,ZIRP_late,vol_zscore,0.0
NOR_10Y,252,ZIRP_late,level_zscore,0.0
NOR_10Y,252,ZIRP_late,slope_10_1,0.0
NOR_10Y,252,ZIRP_late,slope_10_5,0.0
NOR_10Y,252,ZIRP_late,slope_5_1,0.0
NOR_10Y,252,ZIRP_late,sofr_mom_1m,0.0
NOR_10Y,252,ZIRP_late,ibor_level,0.0
NOR_10Y,252,ZIRP_late,ibor_chg_1d,0.0
NOR_10Y,252,ZIRP_late,ibor_mom_1m,0.0
NOR_10Y,252,ZIRP_late,ibor_term_slope,0.0
NOR_10Y,252,ZIRP_late,swap_ibor_basis,0.0
NOR_10Y,252,ZIRP_late,move_level,0.0
NOR_10Y,252,ZIRP_late,move_zscore,0.0
NOR_10Y,252,ZIRP_late,vix_level,0.0
NOR_10Y,252,ZIRP_late,vix_zscore,0.0
NOR_10Y,252,ZIRP_late,v2x_level,0.0
NOR_10Y,252,ZIRP_late,vxn_level,0.0
NOR_10Y,252,ZIRP_late,ovx_level,0.0
NOR_10Y,252,ZIRP_late,gvz_level,0.0
NOR_10Y,252,ZIRP_late,spx_mom_1m,0.0
NOR_10Y,252,ZIRP_late,spx_mom_3m,0.0
NOR_10Y,252,ZIRP_late,sx5e_mom_1m,0.0
NOR_10Y,252,ZIRP_late,sx5e_mom_3m,0.0
NOR_10Y,252,ZIRP_late,mxwo_mom_1m,0.0
NOR_10Y,252,ZIRP_late,ndx_mom_1m,0.0
NOR_10Y,252,ZIRP_late,oil_mom_1m,0.0
NOR_10Y,252,ZIRP_late,oil_mom_3m,0.0
NOR_10Y,252,ZIRP_late,copper_mom_1m,0.0
NOR_10Y,252,ZIRP_late,opec_prod,43.74574661254883
NOR_10Y,252,ZIRP_late,natgas_mom_1m,0.0
NOR_10Y,252,ZIRP_late,be5y_level,0.0
NOR_10Y,252,ZIRP_late,be10y_level,0.0
NOR_10Y,252,ZIRP_late,be_slope,0.0
NOR_10Y,252,ZIRP_late,be5y_chg_1m,0.0
NOR_10Y,252,ZIRP_late,ig_spread,0.0
NOR_10Y,252,ZIRP_late,hy_spread,0.0
NOR_10Y,252,ZIRP_late,ig_chg_1m,0.0
NOR_10Y,252,ZIRP_late,hy_chg_1m,0.0
NOR_10Y,252,ZIRP_late,cpi_yoy,0.0
NOR_10Y,252,ZIRP_late,pce_core_chg,0.0
NOR_10Y,252,ZIRP_late,nfp_change,0.0
NOR_10Y,252,ZIRP_late,pmi_us,0.0
NOR_10Y,252,ZIRP_late,pmi_eur,0.0
NOR_10Y,252,ZIRP_late,unemp_eur,0.0
NOR_10Y,252,ZIRP_late,cpi_nsa_level,0.0
NOR_10Y,252,ZIRP_late,pce_core_level,0.0
NOR_10Y,252,ZIRP_late,eur_3m,0.0
NOR_10Y,252,ZIRP_late,eur_1w,0.0
NOR_10Y,252,ZIRP_late,nor_ibor_1m,0.0
NOR_10Y,252,ZIRP_late,nor_ibor_6m,0.0
NOR_10Y,252,ZIRP_late,nor_ecb_dfr_chg,0.0
NOR_10Y,252,ZIRP_late,nor_ecb_dfr_level,0.0
NOR_10Y,252,ZIRP_late,nor_eurnok_chg_1d,0.0
NOR_10Y,252,ZIRP_late,nor_eurnok_level,0.0
NOR_10Y,252,ZIRP_late,nor_eurnok_mom_1m,0.0
NOR_10Y,252,ZIRP_late,nor_eurnok_mom_3m,0.0
NOR_10Y,252,ZIRP_late,nor_eurnok_rvol_20d,0.0
NOR_10Y,252,ZIRP_late,nor_govt_10y,0.0
NOR_10Y,252,ZIRP_late,nor_govt_3y,0.0
NOR_10Y,252,ZIRP_late,nor_govt_5y,0.0
NOR_10Y,252,ZIRP_late,nor_i44_chg_1d,0.0
NOR_10Y,252,ZIRP_late,nor_i44_level,0.0
NOR_10Y,252,ZIRP_late,nor_i44_mom_1m,0.0
NOR_10Y,252,ZIRP_late,nor_i44_mom_3m,0.0
NOR_10Y,252,ZIRP_late,nor_i44_rvol_20d,0.0
NOR_10Y,252,ZIRP_late,nor_kpi_yoy,0.0
NOR_10Y,252,ZIRP_late,nor_kpijae_yoy,28.421533584594727
NOR_10Y,252,ZIRP_late,nor_nibor_nowa_spread,0.0
NOR_10Y,252,ZIRP_late,nor_nowa_level,0.0
NOR_10Y,252,ZIRP_late,nor_polrate_chg_1d,0.0
NOR_10Y,252,ZIRP_late,nor_polrate_days_since_chg,0.0
NOR_10Y,252,ZIRP_late,nor_polrate_level,0.0
NOR_10Y,252,ZIRP_late,nor_rb_rate_chg,0.0
NOR_10Y,252,ZIRP_late,nor_rb_rate_level,0.0
NOR_10Y,252,ZIRP_late,nor_unemp,0.0
NOR_10Y,252,ZIRP_late,nor_usdnok_chg_1d,0.0
NOR_10Y,252,ZIRP_late,nor_usdnok_level,0.0
NOR_10Y,252,ZIRP_late,nor_usdnok_mom_1m,0.0
NOR_10Y,252,ZIRP_late,nor_usdnok_mom_3m,0.0
NOR_10Y,252,ZIRP_late,nor_usdnok_rvol_20d,0.0
NOR_10Y,252,ZIRP_late,swap_govt_spread,0.0
NOR_10Y,252,ZIRP_late,xmpca_01,0.0
NOR_10Y,252,ZIRP_late,xmpca_02,0.0
NOR_10Y,252,ZIRP_late,xmpca_03,0.0
NOR_10Y,252,ZIRP_late,xmpca_04,0.0
NOR_10Y,252,ZIRP_late,xmpca_05,0.0
NOR_10Y,252,ZIRP_late,xmpca_06,0.0
NOR_10Y,252,ZIRP_late,xmpca_07,0.0
NOR_10Y,252,ZIRP_late,xmpca_08,0.0
NOR_10Y,252,ZIRP_late,xmpca_09,0.0
NOR_10Y,252,ZIRP_late,xmpca_10,0.0
NOR_10Y,252,ZIRP_late,xmpca_11,0.0
NOR_10Y,252,ZIRP_late,xmpca_12,0.0
NOR_10Y,252,COVID,chg_lag1,0.0
NOR_10Y,252,COVID,chg_lag2,0.0
NOR_10Y,252,COVID,chg_lag3,0.0
NOR_10Y,252,COVID,chg_lag4,0.0
NOR_10Y,252,COVID,chg_lag5,0.0
NOR_10Y,252,COVID,carry_roll,0.0
NOR_10Y,252,COVID,mom_63d,0.0
NOR_10Y,252,COVID,mom_1m,0.0
NOR_10Y,252,COVID,mom_3m,0.0
NOR_10Y,252,COVID,mom_6m,0.0
NOR_10Y,252,COVID,mom_12m,0.0
NOR_10Y,252,COVID,dev_ma_3m,0.0
NOR_10Y,252,COVID,dev_ma_12m,0.0
NOR_10Y,252,COVID,vol_20d,0.0
NOR_10Y,252,COVID,vol_regime,8.999824523925781
NOR_10Y,252,COVID,vol_zscore,0.0
NOR_10Y,252,COVID,level_zscore,0.0
NOR_10Y,252,COVID,slope_10_1,0.0
NOR_10Y,252,COVID,slope_10_5,0.0
NOR_10Y,252,COVID,slope_5_1,0.0
NOR_10Y,252,COVID,sofr_mom_1m,0.0
NOR_10Y,252,COVID,ibor_level,0.0
NOR_10Y,252,COVID,ibor_chg_1d,0.0
NOR_10Y,252,COVID,ibor_mom_1m,0.0
NOR_10Y,252,COVID,ibor_term_slope,0.0
NOR_10Y,252,COVID,swap_ibor_basis,0.0
NOR_10Y,252,COVID,move_level,0.0
NOR_10Y,252,COVID,move_zscore,0.0
NOR_10Y,252,COVID,vix_level,0.0
NOR_10Y,252,COVID,vix_zscore,0.0
NOR_10Y,252,COVID,v2x_level,0.0
NOR_10Y,252,COVID,vxn_level,0.0
NOR_10Y,252,COVID,ovx_level,0.0
NOR_10Y,252,COVID,gvz_level,0.0
NOR_10Y,252,COVID,spx_mom_1m,0.0
NOR_10Y,252,COVID,spx_mom_3m,0.0
NOR_10Y,252,COVID,sx5e_mom_1m,0.0
NOR_10Y,252,COVID,sx5e_mom_3m,0.0
NOR_10Y,252,COVID,mxwo_mom_1m,0.0
NOR_10Y,252,COVID,ndx_mom_1m,0.0
NOR_10Y,252,COVID,oil_mom_1m,0.0
NOR_10Y,252,COVID,oil_mom_3m,0.0
NOR_10Y,252,COVID,copper_mom_1m,0.0
NOR_10Y,252,COVID,opec_prod,42.00386047363281
NOR_10Y,252,COVID,natgas_mom_1m,0.0
NOR_10Y,252,COVID,be5y_level,0.0
NOR_10Y,252,COVID,be10y_level,0.0
NOR_10Y,252,COVID,be_slope,0.0
NOR_10Y,252,COVID,be5y_chg_1m,0.0
NOR_10Y,252,COVID,ig_spread,0.0
NOR_10Y,252,COVID,hy_spread,0.0
NOR_10Y,252,COVID,ig_chg_1m,0.0
NOR_10Y,252,COVID,hy_chg_1m,0.0
NOR_10Y,252,COVID,cpi_yoy,0.0
NOR_10Y,252,COVID,pce_core_chg,0.0
NOR_10Y,252,COVID,nfp_change,0.0
NOR_10Y,252,COVID,pmi_us,0.0
NOR_10Y,252,COVID,pmi_eur,0.0
NOR_10Y,252,COVID,unemp_eur,0.0
NOR_10Y,252,COVID,cpi_nsa_level,0.0
NOR_10Y,252,COVID,pce_core_level,0.0
NOR_10Y,252,COVID,eur_3m,0.0
NOR_10Y,252,COVID,eur_1w,13.416906356811523
NOR_10Y,252,COVID,nor_ibor_1m,0.0
NOR_10Y,252,COVID,nor_ibor_6m,0.0
NOR_10Y,252,COVID,nor_ecb_dfr_chg,0.0
NOR_10Y,252,COVID,nor_ecb_dfr_level,0.0
NOR_10Y,252,COVID,nor_eurnok_chg_1d,0.0
NOR_10Y,252,COVID,nor_eurnok_level,0.0
NOR_10Y,252,COVID,nor_eurnok_mom_1m,0.0
NOR_10Y,252,COVID,nor_eurnok_mom_3m,0.0
NOR_10Y,252,COVID,nor_eurnok_rvol_20d,0.0
NOR_10Y,252,COVID,nor_govt_10y,0.0
NOR_10Y,252,COVID,nor_govt_3y,0.0
NOR_10Y,252,COVID,nor_govt_5y,0.0
NOR_10Y,252,COVID,nor_i44_chg_1d,0.0
NOR_10Y,252,COVID,nor_i44_level,0.0
NOR_10Y,252,COVID,nor_i44_mom_1m,0.0
NOR_10Y,252,COVID,nor_i44_mom_3m,0.0
NOR_10Y,252,COVID,nor_i44_rvol_20d,0.0
NOR_10Y,252,COVID,nor_kpi_yoy,0.0
NOR_10Y,252,COVID,nor_kpijae_yoy,35.57940673828125
NOR_10Y,252,COVID,nor_nibor_nowa_spread,0.0
NOR_10Y,252,COVID,nor_nowa_level,0.0
NOR_10Y,252,COVID,nor_polrate_chg_1d,0.0
NOR_10Y,252,COVID,nor_polrate_days_since_chg,0.0
NOR_10Y,252,COVID,nor_polrate_level,0.0
NOR_10Y,252,COVID,nor_rb_rate_chg,0.0
NOR_10Y,252,COVID,nor_rb_rate_level,0.0
NOR_10Y,252,COVID,nor_unemp,0.0
NOR_10Y,252,COVID,nor_usdnok_chg_1d,0.0
NOR_10Y,252,COVID,nor_usdnok_level,0.0
NOR_10Y,252,COVID,nor_usdnok_mom_1m,0.0
NOR_10Y,252,COVID,nor_usdnok_mom_3m,0.0
NOR_10Y,252,COVID,nor_usdnok_rvol_20d,0.0
NOR_10Y,252,COVID,swap_govt_spread,0.0
NOR_10Y,252,COVID,xmpca_01,0.0
NOR_10Y,252,COVID,xmpca_02,0.0
NOR_10Y,252,COVID,xmpca_03,0.0
NOR_10Y,252,COVID,xmpca_04,0.0
NOR_10Y,252,COVID,xmpca_05,0.0
NOR_10Y,252,COVID,xmpca_06,0.0
NOR_10Y,252,COVID,xmpca_07,0.0
NOR_10Y,252,COVID,xmpca_08,0.0
NOR_10Y,252,COVID,xmpca_09,0.0
NOR_10Y,252,COVID,xmpca_10,0.0
NOR_10Y,252,COVID,xmpca_11,0.0
NOR_10Y,252,COVID,xmpca_12,0.0
NOR_10Y,252,Hiking,chg_lag1,0.0
NOR_10Y,252,Hiking,chg_lag2,0.0
NOR_10Y,252,Hiking,chg_lag3,0.0
NOR_10Y,252,Hiking,chg_lag4,0.0
NOR_10Y,252,Hiking,chg_lag5,0.0
NOR_10Y,252,Hiking,carry_roll,0.0
NOR_10Y,252,Hiking,mom_63d,0.0
NOR_10Y,252,Hiking,mom_1m,0.0
NOR_10Y,252,Hiking,mom_3m,0.0
NOR_10Y,252,Hiking,mom_6m,0.0
NOR_10Y,252,Hiking,mom_12m,0.0
NOR_10Y,252,Hiking,dev_ma_3m,0.0
NOR_10Y,252,Hiking,dev_ma_12m,0.0
NOR_10Y,252,Hiking,vol_20d,0.0
NOR_10Y,252,Hiking,vol_regime,0.0
NOR_10Y,252,Hiking,vol_zscore,0.0
NOR_10Y,252,Hiking,level_zscore,0.0
NOR_10Y,252,Hiking,slope_10_1,0.0
NOR_10Y,252,Hiking,slope_10_5,0.0
NOR_10Y,252,Hiking,slope_5_1,0.0
NOR_10Y,252,Hiking,sofr_mom_1m,0.0
NOR_10Y,252,Hiking,ibor_level,0.0
NOR_10Y,252,Hiking,ibor_chg_1d,0.0
NOR_10Y,252,Hiking,ibor_mom_1m,0.0
NOR_10Y,252,Hiking,ibor_term_slope,0.0
NOR_10Y,252,Hiking,swap_ibor_basis,0.0
NOR_10Y,252,Hiking,move_level,0.0
NOR_10Y,252,Hiking,move_zscore,0.0
NOR_10Y,252,Hiking,vix_level,0.0
NOR_10Y,252,Hiking,vix_zscore,0.0
NOR_10Y,252,Hiking,v2x_level,0.0
NOR_10Y,252,Hiking,vxn_level,0.0
NOR_10Y,252,Hiking,ovx_level,0.0
NOR_10Y,252,Hiking,gvz_level,0.0
NOR_10Y,252,Hiking,spx_mom_1m,0.0
NOR_10Y,252,Hiking,spx_mom_3m,0.0
NOR_10Y,252,Hiking,sx5e_mom_1m,0.0
NOR_10Y,252,Hiking,sx5e_mom_3m,0.0
NOR_10Y,252,Hiking,mxwo_mom_1m,0.0
NOR_10Y,252,Hiking,ndx_mom_1m,0.0
NOR_10Y,252,Hiking,oil_mom_1m,0.0
NOR_10Y,252,Hiking,oil_mom_3m,0.0
NOR_10Y,252,Hiking,copper_mom_1m,0.0
NOR_10Y,252,Hiking,opec_prod,21.47453498840332
NOR_10Y,252,Hiking,natgas_mom_1m,0.0
NOR_10Y,252,Hiking,be5y_level,0.0
NOR_10Y,252,Hiking,be10y_level,0.0
NOR_10Y,252,Hiking,be_slope,0.0
NOR_10Y,252,Hiking,be5y_chg_1m,0.0
NOR_10Y,252,Hiking,ig_spread,0.0
NOR_10Y,252,Hiking,hy_spread,0.0
NOR_10Y,252,Hiking,ig_chg_1m,0.0
NOR_10Y,252,Hiking,hy_chg_1m,0.0
NOR_10Y,252,Hiking,cpi_yoy,0.0
NOR_10Y,252,Hiking,pce_core_chg,0.0
NOR_10Y,252,Hiking,nfp_change,0.0
NOR_10Y,252,Hiking,pmi_us,0.0
NOR_10Y,252,Hiking,pmi_eur,0.0
NOR_10Y,252,Hiking,unemp_eur,0.0
NOR_10Y,252,Hiking,cpi_nsa_level,0.0
NOR_10Y,252,Hiking,pce_core_level,0.0
NOR_10Y,252,Hiking,eur_3m,0.0
NOR_10Y,252,Hiking,eur_1w,21.837688446044922
NOR_10Y,252,Hiking,nor_ibor_1m,0.0
NOR_10Y,252,Hiking,nor_ibor_6m,0.0
NOR_10Y,252,Hiking,nor_ecb_dfr_chg,0.0
NOR_10Y,252,Hiking,nor_ecb_dfr_level,0.0
NOR_10Y,252,Hiking,nor_eurnok_chg_1d,0.0
NOR_10Y,252,Hiking,nor_eurnok_level,32.786338806152344
NOR_10Y,252,Hiking,nor_eurnok_mom_1m,0.0
NOR_10Y,252,Hiking,nor_eurnok_mom_3m,0.0
NOR_10Y,252,Hiking,nor_eurnok_rvol_20d,0.0
NOR_10Y,252,Hiking,nor_govt_10y,0.0
NOR_10Y,252,Hiking,nor_govt_3y,0.0
NOR_10Y,252,Hiking,nor_govt_5y,0.0
NOR_10Y,252,Hiking,nor_i44_chg_1d,0.0
NOR_10Y,252,Hiking,nor_i44_level,0.0
NOR_10Y,252,Hiking,nor_i44_mom_1m,0.0
NOR_10Y,252,Hiking,nor_i44_mom_3m,0.0
NOR_10Y,252,Hiking,nor_i44_rvol_20d,0.0
NOR_10Y,252,Hiking,nor_kpi_yoy,0.0
NOR_10Y,252,Hiking,nor_kpijae_yoy,0.0
NOR_10Y,252,Hiking,nor_nibor_nowa_spread,0.0
NOR_10Y,252,Hiking,nor_nowa_level,23.90144157409668
NOR_10Y,252,Hiking,nor_polrate_chg_1d,0.0
NOR_10Y,252,Hiking,nor_polrate_days_since_chg,0.0
NOR_10Y,252,Hiking,nor_polrate_level,0.0
NOR_10Y,252,Hiking,nor_rb_rate_chg,0.0
NOR_10Y,252,Hiking,nor_rb_rate_level,0.0
NOR_10Y,252,Hiking,nor_unemp,0.0
NOR_10Y,252,Hiking,nor_usdnok_chg_1d,0.0
NOR_10Y,252,Hiking,nor_usdnok_level,0.0
NOR_10Y,252,Hiking,nor_usdnok_mom_1m,0.0
NOR_10Y,252,Hiking,nor_usdnok_mom_3m,0.0
NOR_10Y,252,Hiking,nor_usdnok_rvol_20d,0.0
NOR_10Y,252,Hiking,swap_govt_spread,0.0
NOR_10Y,252,Hiking,xmpca_01,0.0
NOR_10Y,252,Hiking,xmpca_02,0.0
NOR_10Y,252,Hiking,xmpca_03,0.0
NOR_10Y,252,Hiking,xmpca_04,0.0
NOR_10Y,252,Hiking,xmpca_05,0.0
NOR_10Y,252,Hiking,xmpca_06,0.0
NOR_10Y,252,Hiking,xmpca_07,0.0
NOR_10Y,252,Hiking,xmpca_08,0.0
NOR_10Y,252,Hiking,xmpca_09,0.0
NOR_10Y,252,Hiking,xmpca_10,0.0
NOR_10Y,252,Hiking,xmpca_11,0.0
NOR_10Y,252,Hiking,xmpca_12,0.0
NOR_15Y,252,ZIRP_early,chg_lag1,0.0
NOR_15Y,252,ZIRP_early,chg_lag2,0.0
NOR_15Y,252,ZIRP_early,chg_lag3,0.0
NOR_15Y,252,ZIRP_early,chg_lag4,0.0
NOR_15Y,252,ZIRP_early,chg_lag5,0.0
NOR_15Y,252,ZIRP_early,carry_roll,0.0
NOR_15Y,252,ZIRP_early,mom_63d,0.0
NOR_15Y,252,ZIRP_early,mom_1m,0.0
NOR_15Y,252,ZIRP_early,mom_3m,0.0
NOR_15Y,252,ZIRP_early,mom_6m,0.0
NOR_15Y,252,ZIRP_early,mom_12m,0.0
NOR_15Y,252,ZIRP_early,dev_ma_3m,0.0
NOR_15Y,252,ZIRP_early,dev_ma_12m,0.0
NOR_15Y,252,ZIRP_early,vol_20d,0.0
NOR_15Y,252,ZIRP_early,vol_regime,100.0
NOR_15Y,252,ZIRP_early,vol_zscore,0.0
NOR_15Y,252,ZIRP_early,level_zscore,0.0
NOR_15Y,252,ZIRP_early,slope_10_1,0.0
NOR_15Y,252,ZIRP_early,slope_10_5,0.0
NOR_15Y,252,ZIRP_early,slope_5_1,0.0
NOR_15Y,252,ZIRP_early,sofr_mom_1m,0.0
NOR_15Y,252,ZIRP_early,ibor_level,0.0
NOR_15Y,252,ZIRP_early,ibor_chg_1d,0.0
NOR_15Y,252,ZIRP_early,ibor_mom_1m,0.0
NOR_15Y,252,ZIRP_early,ibor_term_slope,0.0
NOR_15Y,252,ZIRP_early,swap_ibor_basis,0.0
NOR_15Y,252,ZIRP_early,move_level,0.0
NOR_15Y,252,ZIRP_early,move_zscore,0.0
NOR_15Y,252,ZIRP_early,vix_level,0.0
NOR_15Y,252,ZIRP_early,vix_zscore,0.0
NOR_15Y,252,ZIRP_early,v2x_level,0.0
NOR_15Y,252,ZIRP_early,vxn_level,0.0
NOR_15Y,252,ZIRP_early,ovx_level,0.0
NOR_15Y,252,ZIRP_early,gvz_level,0.0
NOR_15Y,252,ZIRP_early,spx_mom_1m,0.0
NOR_15Y,252,ZIRP_early,spx_mom_3m,0.0
NOR_15Y,252,ZIRP_early,sx5e_mom_1m,0.0
NOR_15Y,252,ZIRP_early,sx5e_mom_3m,0.0
NOR_15Y,252,ZIRP_early,mxwo_mom_1m,0.0
NOR_15Y,252,ZIRP_early,ndx_mom_1m,0.0
NOR_15Y,252,ZIRP_early,oil_mom_1m,0.0
NOR_15Y,252,ZIRP_early,oil_mom_3m,0.0
NOR_15Y,252,ZIRP_early,copper_mom_1m,0.0
NOR_15Y,252,ZIRP_early,opec_prod,0.0
NOR_15Y,252,ZIRP_early,natgas_mom_1m,0.0
NOR_15Y,252,ZIRP_early,be5y_level,0.0
NOR_15Y,252,ZIRP_early,be10y_level,0.0
NOR_15Y,252,ZIRP_early,be_slope,0.0
NOR_15Y,252,ZIRP_early,be5y_chg_1m,0.0
NOR_15Y,252,ZIRP_early,ig_spread,0.0
NOR_15Y,252,ZIRP_early,hy_spread,0.0
NOR_15Y,252,ZIRP_early,ig_chg_1m,0.0
NOR_15Y,252,ZIRP_early,hy_chg_1m,0.0
NOR_15Y,252,ZIRP_early,cpi_yoy,0.0
NOR_15Y,252,ZIRP_early,pce_core_chg,0.0
NOR_15Y,252,ZIRP_early,nfp_change,0.0
NOR_15Y,252,ZIRP_early,pmi_us,0.0
NOR_15Y,252,ZIRP_early,pmi_eur,0.0
NOR_15Y,252,ZIRP_early,unemp_eur,0.0
NOR_15Y,252,ZIRP_early,cpi_nsa_level,0.0
NOR_15Y,252,ZIRP_early,pce_core_level,0.0
NOR_15Y,252,ZIRP_early,eur_3m,0.0
NOR_15Y,252,ZIRP_early,eur_1w,0.0
NOR_15Y,252,ZIRP_early,nor_ibor_1m,0.0
NOR_15Y,252,ZIRP_early,nor_ibor_6m,0.0
NOR_15Y,252,ZIRP_early,nor_ecb_dfr_chg,0.0
NOR_15Y,252,ZIRP_early,nor_ecb_dfr_level,0.0
NOR_15Y,252,ZIRP_early,nor_eurnok_chg_1d,0.0
NOR_15Y,252,ZIRP_early,nor_eurnok_level,0.0
NOR_15Y,252,ZIRP_early,nor_eurnok_mom_1m,0.0
NOR_15Y,252,ZIRP_early,nor_eurnok_mom_3m,0.0
NOR_15Y,252,ZIRP_early,nor_eurnok_rvol_20d,0.0
NOR_15Y,252,ZIRP_early,nor_govt_10y,0.0
NOR_15Y,252,ZIRP_early,nor_govt_3y,0.0
NOR_15Y,252,ZIRP_early,nor_govt_5y,0.0
NOR_15Y,252,ZIRP_early,nor_i44_chg_1d,0.0
NOR_15Y,252,ZIRP_early,nor_i44_level,0.0
NOR_15Y,252,ZIRP_early,nor_i44_mom_1m,0.0
NOR_15Y,252,ZIRP_early,nor_i44_mom_3m,0.0
NOR_15Y,252,ZIRP_early,nor_i44_rvol_20d,0.0
NOR_15Y,252,ZIRP_early,nor_kpi_yoy,0.0
NOR_15Y,252,ZIRP_early,nor_kpijae_yoy,0.0
NOR_15Y,252,ZIRP_early,nor_nibor_nowa_spread,0.0
NOR_15Y,252,ZIRP_early,nor_nowa_level,0.0
NOR_15Y,252,ZIRP_early,nor_polrate_chg_1d,0.0
NOR_15Y,252,ZIRP_early,nor_polrate_days_since_chg,0.0
NOR_15Y,252,ZIRP_early,nor_polrate_level,0.0
NOR_15Y,252,ZIRP_early,nor_rb_rate_chg,0.0
NOR_15Y,252,ZIRP_early,nor_rb_rate_level,0.0
NOR_15Y,252,ZIRP_early,nor_unemp,0.0
NOR_15Y,252,ZIRP_early,nor_usdnok_chg_1d,0.0
NOR_15Y,252,ZIRP_early,nor_usdnok_level,0.0
NOR_15Y,252,ZIRP_early,nor_usdnok_mom_1m,0.0
NOR_15Y,252,ZIRP_early,nor_usdnok_mom_3m,0.0
NOR_15Y,252,ZIRP_early,nor_usdnok_rvol_20d,0.0
NOR_15Y,252,ZIRP_early,swap_govt_spread,0.0
NOR_15Y,252,ZIRP_early,xmpca_01,0.0
NOR_15Y,252,ZIRP_early,xmpca_02,0.0
NOR_15Y,252,ZIRP_early,xmpca_03,0.0
NOR_15Y,252,ZIRP_early,xmpca_04,0.0
NOR_15Y,252,ZIRP_early,xmpca_05,0.0
NOR_15Y,252,ZIRP_early,xmpca_06,0.0
NOR_15Y,252,ZIRP_early,xmpca_07,0.0
NOR_15Y,252,ZIRP_early,xmpca_08,0.0
NOR_15Y,252,ZIRP_early,xmpca_09,0.0
NOR_15Y,252,ZIRP_early,xmpca_10,0.0
NOR_15Y,252,ZIRP_early,xmpca_11,0.0
NOR_15Y,252,ZIRP_early,xmpca_12,0.0
NOR_15Y,252,ZIRP_late,chg_lag1,0.0
NOR_15Y,252,ZIRP_late,chg_lag2,0.0
NOR_15Y,252,ZIRP_late,chg_lag3,0.0
NOR_15Y,252,ZIRP_late,chg_lag4,0.0
NOR_15Y,252,ZIRP_late,chg_lag5,0.0
NOR_15Y,252,ZIRP_late,carry_roll,0.0
NOR_15Y,252,ZIRP_late,mom_63d,0.0
NOR_15Y,252,ZIRP_late,mom_1m,0.0
NOR_15Y,252,ZIRP_late,mom_3m,0.0
NOR_15Y,252,ZIRP_late,mom_6m,0.0
NOR_15Y,252,ZIRP_late,mom_12m,0.0
NOR_15Y,252,ZIRP_late,dev_ma_3m,0.0
NOR_15Y,252,ZIRP_late,dev_ma_12m,0.0
NOR_15Y,252,ZIRP_late,vol_20d,0.0
NOR_15Y,252,ZIRP_late,vol_regime,100.0
NOR_15Y,252,ZIRP_late,vol_zscore,0.0
NOR_15Y,252,ZIRP_late,level_zscore,0.0
NOR_15Y,252,ZIRP_late,slope_10_1,0.0
NOR_15Y,252,ZIRP_late,slope_10_5,0.0
NOR_15Y,252,ZIRP_late,slope_5_1,0.0
NOR_15Y,252,ZIRP_late,sofr_mom_1m,0.0
NOR_15Y,252,ZIRP_late,ibor_level,0.0
NOR_15Y,252,ZIRP_late,ibor_chg_1d,0.0
NOR_15Y,252,ZIRP_late,ibor_mom_1m,0.0
NOR_15Y,252,ZIRP_late,ibor_term_slope,0.0
NOR_15Y,252,ZIRP_late,swap_ibor_basis,0.0
NOR_15Y,252,ZIRP_late,move_level,0.0
NOR_15Y,252,ZIRP_late,move_zscore,0.0
NOR_15Y,252,ZIRP_late,vix_level,0.0
NOR_15Y,252,ZIRP_late,vix_zscore,0.0
NOR_15Y,252,ZIRP_late,v2x_level,0.0
NOR_15Y,252,ZIRP_late,vxn_level,0.0
NOR_15Y,252,ZIRP_late,ovx_level,0.0
NOR_15Y,252,ZIRP_late,gvz_level,0.0
NOR_15Y,252,ZIRP_late,spx_mom_1m,0.0
NOR_15Y,252,ZIRP_late,spx_mom_3m,0.0
NOR_15Y,252,ZIRP_late,sx5e_mom_1m,0.0
NOR_15Y,252,ZIRP_late,sx5e_mom_3m,0.0
NOR_15Y,252,ZIRP_late,mxwo_mom_1m,0.0
NOR_15Y,252,ZIRP_late,ndx_mom_1m,0.0
NOR_15Y,252,ZIRP_late,oil_mom_1m,0.0
NOR_15Y,252,ZIRP_late,oil_mom_3m,0.0
NOR_15Y,252,ZIRP_late,copper_mom_1m,0.0
NOR_15Y,252,ZIRP_late,opec_prod,0.0
NOR_15Y,252,ZIRP_late,natgas_mom_1m,0.0
NOR_15Y,252,ZIRP_late,be5y_level,0.0
NOR_15Y,252,ZIRP_late,be10y_level,0.0
NOR_15Y,252,ZIRP_late,be_slope,0.0
NOR_15Y,252,ZIRP_late,be5y_chg_1m,0.0
NOR_15Y,252,ZIRP_late,ig_spread,0.0
NOR_15Y,252,ZIRP_late,hy_spread,0.0
NOR_15Y,252,ZIRP_late,ig_chg_1m,0.0
NOR_15Y,252,ZIRP_late,hy_chg_1m,0.0
NOR_15Y,252,ZIRP_late,cpi_yoy,0.0
NOR_15Y,252,ZIRP_late,pce_core_chg,0.0
NOR_15Y,252,ZIRP_late,nfp_change,0.0
NOR_15Y,252,ZIRP_late,pmi_us,0.0
NOR_15Y,252,ZIRP_late,pmi_eur,0.0
NOR_15Y,252,ZIRP_late,unemp_eur,0.0
NOR_15Y,252,ZIRP_late,cpi_nsa_level,0.0
NOR_15Y,252,ZIRP_late,pce_core_level,0.0
NOR_15Y,252,ZIRP_late,eur_3m,0.0
NOR_15Y,252,ZIRP_late,eur_1w,0.0
NOR_15Y,252,ZIRP_late,nor_ibor_1m,0.0
NOR_15Y,252,ZIRP_late,nor_ibor_6m,0.0
NOR_15Y,252,ZIRP_late,nor_ecb_dfr_chg,0.0
NOR_15Y,252,ZIRP_late,nor_ecb_dfr_level,0.0
NOR_15Y,252,ZIRP_late,nor_eurnok_chg_1d,0.0
NOR_15Y,252,ZIRP_late,nor_eurnok_level,0.0
NOR_15Y,252,ZIRP_late,nor_eurnok_mom_1m,0.0
NOR_15Y,252,ZIRP_late,nor_eurnok_mom_3m,0.0
NOR_15Y,252,ZIRP_late,nor_eurnok_rvol_20d,0.0
NOR_15Y,252,ZIRP_late,nor_govt_10y,0.0
NOR_15Y,252,ZIRP_late,nor_govt_3y,0.0
NOR_15Y,252,ZIRP_late,nor_govt_5y,0.0
NOR_15Y,252,ZIRP_late,nor_i44_chg_1d,0.0
NOR_15Y,252,ZIRP_late,nor_i44_level,0.0
NOR_15Y,252,ZIRP_late,nor_i44_mom_1m,0.0
NOR_15Y,252,ZIRP_late,nor_i44_mom_3m,0.0
NOR_15Y,252,ZIRP_late,nor_i44_rvol_20d,0.0
NOR_15Y,252,ZIRP_late,nor_kpi_yoy,0.0
NOR_15Y,252,ZIRP_late,nor_kpijae_yoy,0.0
NOR_15Y,252,ZIRP_late,nor_nibor_nowa_spread,0.0
NOR_15Y,252,ZIRP_late,nor_nowa_level,0.0
NOR_15Y,252,ZIRP_late,nor_polrate_chg_1d,0.0
NOR_15Y,252,ZIRP_late,nor_polrate_days_since_chg,0.0
NOR_15Y,252,ZIRP_late,nor_polrate_level,0.0
NOR_15Y,252,ZIRP_late,nor_rb_rate_chg,0.0
NOR_15Y,252,ZIRP_late,nor_rb_rate_level,0.0
NOR_15Y,252,ZIRP_late,nor_unemp,0.0
NOR_15Y,252,ZIRP_late,nor_usdnok_chg_1d,0.0
NOR_15Y,252,ZIRP_late,nor_usdnok_level,0.0
NOR_15Y,252,ZIRP_late,nor_usdnok_mom_1m,0.0
NOR_15Y,252,ZIRP_late,nor_usdnok_mom_3m,0.0
NOR_15Y,252,ZIRP_late,nor_usdnok_rvol_20d,0.0
NOR_15Y,252,ZIRP_late,swap_govt_spread,0.0
NOR_15Y,252,ZIRP_late,xmpca_01,0.0
NOR_15Y,252,ZIRP_late,xmpca_02,0.0
NOR_15Y,252,ZIRP_late,xmpca_03,0.0
NOR_15Y,252,ZIRP_late,xmpca_04,0.0
NOR_15Y,252,ZIRP_late,xmpca_05,0.0
NOR_15Y,252,ZIRP_late,xmpca_06,0.0
NOR_15Y,252,ZIRP_late,xmpca_07,0.0
NOR_15Y,252,ZIRP_late,xmpca_08,0.0
NOR_15Y,252,ZIRP_late,xmpca_09,0.0
NOR_15Y,252,ZIRP_late,xmpca_10,0.0
NOR_15Y,252,ZIRP_late,xmpca_11,0.0
NOR_15Y,252,ZIRP_late,xmpca_12,0.0
NOR_15Y,252,COVID,chg_lag1,0.0
NOR_15Y,252,COVID,chg_lag2,0.0
NOR_15Y,252,COVID,chg_lag3,0.0
NOR_15Y,252,COVID,chg_lag4,0.0
NOR_15Y,252,COVID,chg_lag5,0.0
NOR_15Y,252,COVID,carry_roll,0.0
NOR_15Y,252,COVID,mom_63d,0.0
NOR_15Y,252,COVID,mom_1m,0.0
NOR_15Y,252,COVID,mom_3m,0.0
NOR_15Y,252,COVID,mom_6m,0.0
NOR_15Y,252,COVID,mom_12m,0.0
NOR_15Y,252,COVID,dev_ma_3m,0.0
NOR_15Y,252,COVID,dev_ma_12m,0.0
NOR_15Y,252,COVID,vol_20d,0.0
NOR_15Y,252,COVID,vol_regime,0.0
NOR_15Y,252,COVID,vol_zscore,0.0
NOR_15Y,252,COVID,level_zscore,0.0
NOR_15Y,252,COVID,slope_10_1,49.06013488769531
NOR_15Y,252,COVID,slope_10_5,0.0
NOR_15Y,252,COVID,slope_5_1,0.0
NOR_15Y,252,COVID,sofr_mom_1m,0.0
NOR_15Y,252,COVID,ibor_level,0.0
NOR_15Y,252,COVID,ibor_chg_1d,0.0
NOR_15Y,252,COVID,ibor_mom_1m,0.0
NOR_15Y,252,COVID,ibor_term_slope,0.0
NOR_15Y,252,COVID,swap_ibor_basis,0.0
NOR_15Y,252,COVID,move_level,0.0
NOR_15Y,252,COVID,move_zscore,0.0
NOR_15Y,252,COVID,vix_level,0.0
NOR_15Y,252,COVID,vix_zscore,0.0
NOR_15Y,252,COVID,v2x_level,0.0
NOR_15Y,252,COVID,vxn_level,0.0
NOR_15Y,252,COVID,ovx_level,0.0
NOR_15Y,252,COVID,gvz_level,0.0
NOR_15Y,252,COVID,spx_mom_1m,0.0
NOR_15Y,252,COVID,spx_mom_3m,0.0
NOR_15Y,252,COVID,sx5e_mom_1m,0.0
NOR_15Y,252,COVID,sx5e_mom_3m,0.0
NOR_15Y,252,COVID,mxwo_mom_1m,0.0
NOR_15Y,252,COVID,ndx_mom_1m,0.0
NOR_15Y,252,COVID,oil_mom_1m,0.0
NOR_15Y,252,COVID,oil_mom_3m,0.0
NOR_15Y,252,COVID,copper_mom_1m,0.0
NOR_15Y,252,COVID,opec_prod,0.0
NOR_15Y,252,COVID,natgas_mom_1m,0.0
NOR_15Y,252,COVID,be5y_level,0.0
NOR_15Y,252,COVID,be10y_level,0.0
NOR_15Y,252,COVID,be_slope,0.0
NOR_15Y,252,COVID,be5y_chg_1m,0.0
NOR_15Y,252,COVID,ig_spread,0.0
NOR_15Y,252,COVID,hy_spread,0.0
NOR_15Y,252,COVID,ig_chg_1m,0.0
NOR_15Y,252,COVID,hy_chg_1m,0.0
NOR_15Y,252,COVID,cpi_yoy,0.0
NOR_15Y,252,COVID,pce_core_chg,0.0
NOR_15Y,252,COVID,nfp_change,0.0
NOR_15Y,252,COVID,pmi_us,0.0
NOR_15Y,252,COVID,pmi_eur,0.0
NOR_15Y,252,COVID,unemp_eur,0.0
NOR_15Y,252,COVID,cpi_nsa_level,0.0
NOR_15Y,252,COVID,pce_core_level,0.0
NOR_15Y,252,COVID,eur_3m,0.0
NOR_15Y,252,COVID,eur_1w,50.93986129760742
NOR_15Y,252,COVID,nor_ibor_1m,0.0
NOR_15Y,252,COVID,nor_ibor_6m,0.0
NOR_15Y,252,COVID,nor_ecb_dfr_chg,0.0
NOR_15Y,252,COVID,nor_ecb_dfr_level,0.0
NOR_15Y,252,COVID,nor_eurnok_chg_1d,0.0
NOR_15Y,252,COVID,nor_eurnok_level,0.0
NOR_15Y,252,COVID,nor_eurnok_mom_1m,0.0
NOR_15Y,252,COVID,nor_eurnok_mom_3m,0.0
NOR_15Y,252,COVID,nor_eurnok_rvol_20d,0.0
NOR_15Y,252,COVID,nor_govt_10y,0.0
NOR_15Y,252,COVID,nor_govt_3y,0.0
NOR_15Y,252,COVID,nor_govt_5y,0.0
NOR_15Y,252,COVID,nor_i44_chg_1d,0.0
NOR_15Y,252,COVID,nor_i44_level,0.0
NOR_15Y,252,COVID,nor_i44_mom_1m,0.0
NOR_15Y,252,COVID,nor_i44_mom_3m,0.0
NOR_15Y,252,COVID,nor_i44_rvol_20d,0.0
NOR_15Y,252,COVID,nor_kpi_yoy,0.0
NOR_15Y,252,COVID,nor_kpijae_yoy,0.0
NOR_15Y,252,COVID,nor_nibor_nowa_spread,0.0
NOR_15Y,252,COVID,nor_nowa_level,0.0
NOR_15Y,252,COVID,nor_polrate_chg_1d,0.0
NOR_15Y,252,COVID,nor_polrate_days_since_chg,0.0
NOR_15Y,252,COVID,nor_polrate_level,0.0
NOR_15Y,252,COVID,nor_rb_rate_chg,0.0
NOR_15Y,252,COVID,nor_rb_rate_level,0.0
NOR_15Y,252,COVID,nor_unemp,0.0
NOR_15Y,252,COVID,nor_usdnok_chg_1d,0.0
NOR_15Y,252,COVID,nor_usdnok_level,0.0
NOR_15Y,252,COVID,nor_usdnok_mom_1m,0.0
NOR_15Y,252,COVID,nor_usdnok_mom_3m,0.0
NOR_15Y,252,COVID,nor_usdnok_rvol_20d,0.0
NOR_15Y,252,COVID,swap_govt_spread,0.0
NOR_15Y,252,COVID,xmpca_01,0.0
NOR_15Y,252,COVID,xmpca_02,0.0
NOR_15Y,252,COVID,xmpca_03,0.0
NOR_15Y,252,COVID,xmpca_04,0.0
NOR_15Y,252,COVID,xmpca_05,0.0
NOR_15Y,252,COVID,xmpca_06,0.0
NOR_15Y,252,COVID,xmpca_07,0.0
NOR_15Y,252,COVID,xmpca_08,0.0
NOR_15Y,252,COVID,xmpca_09,0.0
NOR_15Y,252,COVID,xmpca_10,0.0
NOR_15Y,252,COVID,xmpca_11,0.0
NOR_15Y,252,COVID,xmpca_12,0.0
NOR_15Y,252,Hiking,chg_lag1,0.0
NOR_15Y,252,Hiking,chg_lag2,0.0
NOR_15Y,252,Hiking,chg_lag3,0.0
NOR_15Y,252,Hiking,chg_lag4,0.0
NOR_15Y,252,Hiking,chg_lag5,0.0
NOR_15Y,252,Hiking,carry_roll,0.0
NOR_15Y,252,Hiking,mom_63d,0.0
NOR_15Y,252,Hiking,mom_1m,0.0
NOR_15Y,252,Hiking,mom_3m,0.0
NOR_15Y,252,Hiking,mom_6m,0.0
NOR_15Y,252,Hiking,mom_12m,0.0
NOR_15Y,252,Hiking,dev_ma_3m,0.0
NOR_15Y,252,Hiking,dev_ma_12m,0.0
NOR_15Y,252,Hiking,vol_20d,0.0
NOR_15Y,252,Hiking,vol_regime,0.0
NOR_15Y,252,Hiking,vol_zscore,0.0
NOR_15Y,252,Hiking,level_zscore,0.0
NOR_15Y,252,Hiking,slope_10_1,0.0
NOR_15Y,252,Hiking,slope_10_5,0.0
NOR_15Y,252,Hiking,slope_5_1,0.0
NOR_15Y,252,Hiking,sofr_mom_1m,0.0
NOR_15Y,252,Hiking,ibor_level,0.0
NOR_15Y,252,Hiking,ibor_chg_1d,0.0
NOR_15Y,252,Hiking,ibor_mom_1m,0.0
NOR_15Y,252,Hiking,ibor_term_slope,0.0
NOR_15Y,252,Hiking,swap_ibor_basis,0.0
NOR_15Y,252,Hiking,move_level,0.0
NOR_15Y,252,Hiking,move_zscore,0.0
NOR_15Y,252,Hiking,vix_level,0.0
NOR_15Y,252,Hiking,vix_zscore,0.0
NOR_15Y,252,Hiking,v2x_level,0.0
NOR_15Y,252,Hiking,vxn_level,0.0
NOR_15Y,252,Hiking,ovx_level,0.0
NOR_15Y,252,Hiking,gvz_level,0.0
NOR_15Y,252,Hiking,spx_mom_1m,0.0
NOR_15Y,252,Hiking,spx_mom_3m,0.0
NOR_15Y,252,Hiking,sx5e_mom_1m,0.0
NOR_15Y,252,Hiking,sx5e_mom_3m,0.0
NOR_15Y,252,Hiking,mxwo_mom_1m,0.0
NOR_15Y,252,Hiking,ndx_mom_1m,0.0
NOR_15Y,252,Hiking,oil_mom_1m,0.0
NOR_15Y,252,Hiking,oil_mom_3m,0.0
NOR_15Y,252,Hiking,copper_mom_1m,0.0
NOR_15Y,252,Hiking,opec_prod,63.79302978515625
NOR_15Y,252,Hiking,natgas_mom_1m,0.0
NOR_15Y,252,Hiking,be5y_level,0.0
NOR_15Y,252,Hiking,be10y_level,0.0
NOR_15Y,252,Hiking,be_slope,0.0
NOR_15Y,252,Hiking,be5y_chg_1m,0.0
NOR_15Y,252,Hiking,ig_spread,0.0
NOR_15Y,252,Hiking,hy_spread,0.0
NOR_15Y,252,Hiking,ig_chg_1m,0.0
NOR_15Y,252,Hiking,hy_chg_1m,0.0
NOR_15Y,252,Hiking,cpi_yoy,0.0
NOR_15Y,252,Hiking,pce_core_chg,0.0
NOR_15Y,252,Hiking,nfp_change,0.0
NOR_15Y,252,Hiking,pmi_us,0.0
NOR_15Y,252,Hiking,pmi_eur,0.0
NOR_15Y,252,Hiking,unemp_eur,0.0
NOR_15Y,252,Hiking,cpi_nsa_level,0.0
NOR_15Y,252,Hiking,pce_core_level,0.0
NOR_15Y,252,Hiking,eur_3m,0.0
NOR_15Y,252,Hiking,eur_1w,0.0
NOR_15Y,252,Hiking,nor_ibor_1m,0.0
NOR_15Y,252,Hiking,nor_ibor_6m,0.0
NOR_15Y,252,Hiking,nor_ecb_dfr_chg,0.0
NOR_15Y,252,Hiking,nor_ecb_dfr_level,0.0
NOR_15Y,252,Hiking,nor_eurnok_chg_1d,0.0
NOR_15Y,252,Hiking,nor_eurnok_level,0.0
NOR_15Y,252,Hiking,nor_eurnok_mom_1m,0.0
NOR_15Y,252,Hiking,nor_eurnok_mom_3m,0.0
NOR_15Y,252,Hiking,nor_eurnok_rvol_20d,0.0
NOR_15Y,252,Hiking,nor_govt_10y,0.0
NOR_15Y,252,Hiking,nor_govt_3y,0.0
NOR_15Y,252,Hiking,nor_govt_5y,0.0
NOR_15Y,252,Hiking,nor_i44_chg_1d,0.0
NOR_15Y,252,Hiking,nor_i44_level,0.0
NOR_15Y,252,Hiking,nor_i44_mom_1m,0.0
NOR_15Y,252,Hiking,nor_i44_mom_3m,0.0
NOR_15Y,252,Hiking,nor_i44_rvol_20d,0.0
NOR_15Y,252,Hiking,nor_kpi_yoy,0.0
NOR_15Y,252,Hiking,nor_kpijae_yoy,0.0
NOR_15Y,252,Hiking,nor_nibor_nowa_spread,0.0
NOR_15Y,252,Hiking,nor_nowa_level,36.206966400146484
NOR_15Y,252,Hiking,nor_polrate_chg_1d,0.0
NOR_15Y,252,Hiking,nor_polrate_days_since_chg,0.0
NOR_15Y,252,Hiking,nor_polrate_level,0.0
NOR_15Y,252,Hiking,nor_rb_rate_chg,0.0
NOR_15Y,252,Hiking,nor_rb_rate_level,0.0
NOR_15Y,252,Hiking,nor_unemp,0.0
NOR_15Y,252,Hiking,nor_usdnok_chg_1d,0.0
NOR_15Y,252,Hiking,nor_usdnok_level,0.0
NOR_15Y,252,Hiking,nor_usdnok_mom_1m,0.0
NOR_15Y,252,Hiking,nor_usdnok_mom_3m,0.0
NOR_15Y,252,Hiking,nor_usdnok_rvol_20d,0.0
NOR_15Y,252,Hiking,swap_govt_spread,0.0
NOR_15Y,252,Hiking,xmpca_01,0.0
NOR_15Y,252,Hiking,xmpca_02,0.0
NOR_15Y,252,Hiking,xmpca_03,0.0
NOR_15Y,252,Hiking,xmpca_04,0.0
NOR_15Y,252,Hiking,xmpca_05,0.0
NOR_15Y,252,Hiking,xmpca_06,0.0
NOR_15Y,252,Hiking,xmpca_07,0.0
NOR_15Y,252,Hiking,xmpca_08,0.0
NOR_15Y,252,Hiking,xmpca_09,0.0
NOR_15Y,252,Hiking,xmpca_10,0.0
NOR_15Y,252,Hiking,xmpca_11,0.0
NOR_15Y,252,Hiking,xmpca_12,0.0
NOR_1Y,252,ZIRP_early,chg_lag1,0.0
NOR_1Y,252,ZIRP_early,chg_lag2,0.0
NOR_1Y,252,ZIRP_early,chg_lag3,0.0
NOR_1Y,252,ZIRP_early,chg_lag4,0.0
NOR_1Y,252,ZIRP_early,chg_lag5,0.0
NOR_1Y,252,ZIRP_early,carry_roll,0.0
NOR_1Y,252,ZIRP_early,mom_63d,0.0
NOR_1Y,252,ZIRP_early,mom_1m,0.0
NOR_1Y,252,ZIRP_early,mom_3m,0.0
NOR_1Y,252,ZIRP_early,mom_6m,0.0
NOR_1Y,252,ZIRP_early,mom_12m,0.0
NOR_1Y,252,ZIRP_early,dev_ma_3m,0.0
NOR_1Y,252,ZIRP_early,dev_ma_12m,0.0
NOR_1Y,252,ZIRP_early,vol_20d,0.0
NOR_1Y,252,ZIRP_early,vol_regime,0.0
NOR_1Y,252,ZIRP_early,vol_zscore,0.0
NOR_1Y,252,ZIRP_early,level_zscore,0.0
NOR_1Y,252,ZIRP_early,slope_10_1,0.0
NOR_1Y,252,ZIRP_early,slope_10_5,0.0
NOR_1Y,252,ZIRP_early,slope_5_1,0.0
NOR_1Y,252,ZIRP_early,sofr_mom_1m,0.0
NOR_1Y,252,ZIRP_early,ibor_level,0.0
NOR_1Y,252,ZIRP_early,ibor_chg_1d,0.0
NOR_1Y,252,ZIRP_early,ibor_mom_1m,0.0
NOR_1Y,252,ZIRP_early,ibor_term_slope,0.0
NOR_1Y,252,ZIRP_early,swap_ibor_basis,0.0
NOR_1Y,252,ZIRP_early,move_level,0.0
NOR_1Y,252,ZIRP_early,move_zscore,0.0
NOR_1Y,252,ZIRP_early,vix_level,0.0
NOR_1Y,252,ZIRP_early,vix_zscore,0.0
NOR_1Y,252,ZIRP_early,v2x_level,0.0
NOR_1Y,252,ZIRP_early,vxn_level,0.0
NOR_1Y,252,ZIRP_early,ovx_level,0.0
NOR_1Y,252,ZIRP_early,gvz_level,0.0
NOR_1Y,252,ZIRP_early,spx_mom_1m,0.0
NOR_1Y,252,ZIRP_early,spx_mom_3m,0.0
NOR_1Y,252,ZIRP_early,sx5e_mom_1m,0.0
NOR_1Y,252,ZIRP_early,sx5e_mom_3m,0.0
NOR_1Y,252,ZIRP_early,mxwo_mom_1m,0.0
NOR_1Y,252,ZIRP_early,ndx_mom_1m,0.0
NOR_1Y,252,ZIRP_early,oil_mom_1m,0.0
NOR_1Y,252,ZIRP_early,oil_mom_3m,0.0
NOR_1Y,252,ZIRP_early,copper_mom_1m,0.0
NOR_1Y,252,ZIRP_early,opec_prod,0.0
NOR_1Y,252,ZIRP_early,natgas_mom_1m,0.0
NOR_1Y,252,ZIRP_early,be5y_level,0.0
NOR_1Y,252,ZIRP_early,be10y_level,0.0
NOR_1Y,252,ZIRP_early,be_slope,0.0
NOR_1Y,252,ZIRP_early,be5y_chg_1m,0.0
NOR_1Y,252,ZIRP_early,ig_spread,0.0
NOR_1Y,252,ZIRP_early,hy_spread,0.0
NOR_1Y,252,ZIRP_early,ig_chg_1m,0.0
NOR_1Y,252,ZIRP_early,hy_chg_1m,0.0
NOR_1Y,252,ZIRP_early,cpi_yoy,0.0
NOR_1Y,252,ZIRP_early,pce_core_chg,0.0
NOR_1Y,252,ZIRP_early,nfp_change,0.0
NOR_1Y,252,ZIRP_early,pmi_us,0.0
NOR_1Y,252,ZIRP_early,pmi_eur,100.0
NOR_1Y,252,ZIRP_early,unemp_eur,0.0
NOR_1Y,252,ZIRP_early,cpi_nsa_level,0.0
NOR_1Y,252,ZIRP_early,pce_core_level,0.0
NOR_1Y,252,ZIRP_early,eur_3m,0.0
NOR_1Y,252,ZIRP_early,eur_1w,0.0
NOR_1Y,252,ZIRP_early,nor_ibor_1m,0.0
NOR_1Y,252,ZIRP_early,nor_ibor_6m,0.0
NOR_1Y,252,ZIRP_early,nor_ecb_dfr_chg,0.0
NOR_1Y,252,ZIRP_early,nor_ecb_dfr_level,0.0
NOR_1Y,252,ZIRP_early,nor_eurnok_chg_1d,0.0
NOR_1Y,252,ZIRP_early,nor_eurnok_level,0.0
NOR_1Y,252,ZIRP_early,nor_eurnok_mom_1m,0.0
NOR_1Y,252,ZIRP_early,nor_eurnok_mom_3m,0.0
NOR_1Y,252,ZIRP_early,nor_eurnok_rvol_20d,0.0
NOR_1Y,252,ZIRP_early,nor_govt_10y,0.0
NOR_1Y,252,ZIRP_early,nor_govt_3y,0.0
NOR_1Y,252,ZIRP_early,nor_govt_5y,0.0
NOR_1Y,252,ZIRP_early,nor_i44_chg_1d,0.0
NOR_1Y,252,ZIRP_early,nor_i44_level,0.0
NOR_1Y,252,ZIRP_early,nor_i44_mom_1m,0.0
NOR_1Y,252,ZIRP_early,nor_i44_mom_3m,0.0
NOR_1Y,252,ZIRP_early,nor_i44_rvol_20d,0.0
NOR_1Y,252,ZIRP_early,nor_kpi_yoy,0.0
NOR_1Y,252,ZIRP_early,nor_kpijae_yoy,0.0
NOR_1Y,252,ZIRP_early,nor_nibor_nowa_spread,0.0
NOR_1Y,252,ZIRP_early,nor_nowa_level,0.0
NOR_1Y,252,ZIRP_early,nor_polrate_chg_1d,0.0
NOR_1Y,252,ZIRP_early,nor_polrate_days_since_chg,0.0
NOR_1Y,252,ZIRP_early,nor_polrate_level,0.0
NOR_1Y,252,ZIRP_early,nor_rb_rate_chg,0.0
NOR_1Y,252,ZIRP_early,nor_rb_rate_level,0.0
NOR_1Y,252,ZIRP_early,nor_unemp,0.0
NOR_1Y,252,ZIRP_early,nor_usdnok_chg_1d,0.0
NOR_1Y,252,ZIRP_early,nor_usdnok_level,0.0
NOR_1Y,252,ZIRP_early,nor_usdnok_mom_1m,0.0
NOR_1Y,252,ZIRP_early,nor_usdnok_mom_3m,0.0
NOR_1Y,252,ZIRP_early,nor_usdnok_rvol_20d,0.0
NOR_1Y,252,ZIRP_early,swap_govt_spread,0.0
NOR_1Y,252,ZIRP_early,xmpca_01,0.0
NOR_1Y,252,ZIRP_early,xmpca_02,0.0
NOR_1Y,252,ZIRP_early,xmpca_03,0.0
NOR_1Y,252,ZIRP_early,xmpca_04,0.0
NOR_1Y,252,ZIRP_early,xmpca_05,0.0
NOR_1Y,252,ZIRP_early,xmpca_06,0.0
NOR_1Y,252,ZIRP_early,xmpca_07,0.0
NOR_1Y,252,ZIRP_early,xmpca_08,0.0
NOR_1Y,252,ZIRP_early,xmpca_09,0.0
NOR_1Y,252,ZIRP_early,xmpca_10,0.0
NOR_1Y,252,ZIRP_early,xmpca_11,0.0
NOR_1Y,252,ZIRP_early,xmpca_12,0.0
NOR_1Y,252,ZIRP_late,chg_lag1,0.0
NOR_1Y,252,ZIRP_late,chg_lag2,0.0
NOR_1Y,252,ZIRP_late,chg_lag3,0.0
NOR_1Y,252,ZIRP_late,chg_lag4,0.0
NOR_1Y,252,ZIRP_late,chg_lag5,0.0
NOR_1Y,252,ZIRP_late,carry_roll,0.0
NOR_1Y,252,ZIRP_late,mom_63d,0.0
NOR_1Y,252,ZIRP_late,mom_1m,0.0
NOR_1Y,252,ZIRP_late,mom_3m,0.0
NOR_1Y,252,ZIRP_late,mom_6m,0.0
NOR_1Y,252,ZIRP_late,mom_12m,0.0
NOR_1Y,252,ZIRP_late,dev_ma_3m,0.0
NOR_1Y,252,ZIRP_late,dev_ma_12m,0.0
NOR_1Y,252,ZIRP_late,vol_20d,0.0
NOR_1Y,252,ZIRP_late,vol_regime,0.0
NOR_1Y,252,ZIRP_late,vol_zscore,0.0
NOR_1Y,252,ZIRP_late,level_zscore,0.0
NOR_1Y,252,ZIRP_late,slope_10_1,0.0
NOR_1Y,252,ZIRP_late,slope_10_5,0.0
NOR_1Y,252,ZIRP_late,slope_5_1,0.0
NOR_1Y,252,ZIRP_late,sofr_mom_1m,0.0
NOR_1Y,252,ZIRP_late,ibor_level,0.0
NOR_1Y,252,ZIRP_late,ibor_chg_1d,0.0
NOR_1Y,252,ZIRP_late,ibor_mom_1m,0.0
NOR_1Y,252,ZIRP_late,ibor_term_slope,0.0
NOR_1Y,252,ZIRP_late,swap_ibor_basis,0.0
NOR_1Y,252,ZIRP_late,move_level,0.0
NOR_1Y,252,ZIRP_late,move_zscore,0.0
NOR_1Y,252,ZIRP_late,vix_level,0.0
NOR_1Y,252,ZIRP_late,vix_zscore,0.0
NOR_1Y,252,ZIRP_late,v2x_level,0.0
NOR_1Y,252,ZIRP_late,vxn_level,0.0
NOR_1Y,252,ZIRP_late,ovx_level,0.0
NOR_1Y,252,ZIRP_late,gvz_level,0.0
NOR_1Y,252,ZIRP_late,spx_mom_1m,0.0
NOR_1Y,252,ZIRP_late,spx_mom_3m,0.0
NOR_1Y,252,ZIRP_late,sx5e_mom_1m,0.0
NOR_1Y,252,ZIRP_late,sx5e_mom_3m,0.0
NOR_1Y,252,ZIRP_late,mxwo_mom_1m,0.0
NOR_1Y,252,ZIRP_late,ndx_mom_1m,0.0
NOR_1Y,252,ZIRP_late,oil_mom_1m,0.0
NOR_1Y,252,ZIRP_late,oil_mom_3m,0.0
NOR_1Y,252,ZIRP_late,copper_mom_1m,0.0
NOR_1Y,252,ZIRP_late,opec_prod,0.0
NOR_1Y,252,ZIRP_late,natgas_mom_1m,0.0
NOR_1Y,252,ZIRP_late,be5y_level,0.0
NOR_1Y,252,ZIRP_late,be10y_level,0.0
NOR_1Y,252,ZIRP_late,be_slope,0.0
NOR_1Y,252,ZIRP_late,be5y_chg_1m,0.0
NOR_1Y,252,ZIRP_late,ig_spread,0.0
NOR_1Y,252,ZIRP_late,hy_spread,0.0
NOR_1Y,252,ZIRP_late,ig_chg_1m,0.0
NOR_1Y,252,ZIRP_late,hy_chg_1m,0.0
NOR_1Y,252,ZIRP_late,cpi_yoy,0.0
NOR_1Y,252,ZIRP_late,pce_core_chg,0.0
NOR_1Y,252,ZIRP_late,nfp_change,0.0
NOR_1Y,252,ZIRP_late,pmi_us,0.0
NOR_1Y,252,ZIRP_late,pmi_eur,100.0
NOR_1Y,252,ZIRP_late,unemp_eur,0.0
NOR_1Y,252,ZIRP_late,cpi_nsa_level,0.0
NOR_1Y,252,ZIRP_late,pce_core_level,0.0
NOR_1Y,252,ZIRP_late,eur_3m,0.0
NOR_1Y,252,ZIRP_late,eur_1w,0.0
NOR_1Y,252,ZIRP_late,nor_ibor_1m,0.0
NOR_1Y,252,ZIRP_late,nor_ibor_6m,0.0
NOR_1Y,252,ZIRP_late,nor_ecb_dfr_chg,0.0
NOR_1Y,252,ZIRP_late,nor_ecb_dfr_level,0.0
NOR_1Y,252,ZIRP_late,nor_eurnok_chg_1d,0.0
NOR_1Y,252,ZIRP_late,nor_eurnok_level,0.0
NOR_1Y,252,ZIRP_late,nor_eurnok_mom_1m,0.0
NOR_1Y,252,ZIRP_late,nor_eurnok_mom_3m,0.0
NOR_1Y,252,ZIRP_late,nor_eurnok_rvol_20d,0.0
NOR_1Y,252,ZIRP_late,nor_govt_10y,0.0
NOR_1Y,252,ZIRP_late,nor_govt_3y,0.0
NOR_1Y,252,ZIRP_late,nor_govt_5y,0.0
NOR_1Y,252,ZIRP_late,nor_i44_chg_1d,0.0
NOR_1Y,252,ZIRP_late,nor_i44_level,0.0
NOR_1Y,252,ZIRP_late,nor_i44_mom_1m,0.0
NOR_1Y,252,ZIRP_late,nor_i44_mom_3m,0.0
NOR_1Y,252,ZIRP_late,nor_i44_rvol_20d,0.0
NOR_1Y,252,ZIRP_late,nor_kpi_yoy,0.0
NOR_1Y,252,ZIRP_late,nor_kpijae_yoy,0.0
NOR_1Y,252,ZIRP_late,nor_nibor_nowa_spread,0.0
NOR_1Y,252,ZIRP_late,nor_nowa_level,0.0
NOR_1Y,252,ZIRP_late,nor_polrate_chg_1d,0.0
NOR_1Y,252,ZIRP_late,nor_polrate_days_since_chg,0.0
NOR_1Y,252,ZIRP_late,nor_polrate_level,0.0
NOR_1Y,252,ZIRP_late,nor_rb_rate_chg,0.0
NOR_1Y,252,ZIRP_late,nor_rb_rate_level,0.0
NOR_1Y,252,ZIRP_late,nor_unemp,0.0
NOR_1Y,252,ZIRP_late,nor_usdnok_chg_1d,0.0
NOR_1Y,252,ZIRP_late,nor_usdnok_level,0.0
NOR_1Y,252,ZIRP_late,nor_usdnok_mom_1m,0.0
NOR_1Y,252,ZIRP_late,nor_usdnok_mom_3m,0.0
NOR_1Y,252,ZIRP_late,nor_usdnok_rvol_20d,0.0
NOR_1Y,252,ZIRP_late,swap_govt_spread,0.0
NOR_1Y,252,ZIRP_late,xmpca_01,0.0
NOR_1Y,252,ZIRP_late,xmpca_02,0.0
NOR_1Y,252,ZIRP_late,xmpca_03,0.0
NOR_1Y,252,ZIRP_late,xmpca_04,0.0
NOR_1Y,252,ZIRP_late,xmpca_05,0.0
NOR_1Y,252,ZIRP_late,xmpca_06,0.0
NOR_1Y,252,ZIRP_late,xmpca_07,0.0
NOR_1Y,252,ZIRP_late,xmpca_08,0.0
NOR_1Y,252,ZIRP_late,xmpca_09,0.0
NOR_1Y,252,ZIRP_late,xmpca_10,0.0
NOR_1Y,252,ZIRP_late,xmpca_11,0.0
NOR_1Y,252,ZIRP_late,xmpca_12,0.0
NOR_1Y,252,COVID,chg_lag1,0.0
NOR_1Y,252,COVID,chg_lag2,0.0
NOR_1Y,252,COVID,chg_lag3,0.0
NOR_1Y,252,COVID,chg_lag4,0.0
NOR_1Y,252,COVID,chg_lag5,0.0
NOR_1Y,252,COVID,carry_roll,7.275390148162842
NOR_1Y,252,COVID,mom_63d,0.0
NOR_1Y,252,COVID,mom_1m,0.0
NOR_1Y,252,COVID,mom_3m,0.0
NOR_1Y,252,COVID,mom_6m,0.0
NOR_1Y,252,COVID,mom_12m,0.0
NOR_1Y,252,COVID,dev_ma_3m,0.0
NOR_1Y,252,COVID,dev_ma_12m,0.0
NOR_1Y,252,COVID,vol_20d,0.0
NOR_1Y,252,COVID,vol_regime,0.0
NOR_1Y,252,COVID,vol_zscore,0.0
NOR_1Y,252,COVID,level_zscore,2.860722541809082
NOR_1Y,252,COVID,slope_10_1,5.969083786010742
NOR_1Y,252,COVID,slope_10_5,3.5502126216888428
NOR_1Y,252,COVID,slope_5_1,2.149320363998413
NOR_1Y,252,COVID,sofr_mom_1m,0.0
NOR_1Y,252,COVID,ibor_level,4.422547817230225
NOR_1Y,252,COVID,ibor_chg_1d,0.0
NOR_1Y,252,COVID,ibor_mom_1m,0.0
NOR_1Y,252,COVID,ibor_term_slope,0.0
NOR_1Y,252,COVID,swap_ibor_basis,0.0
NOR_1Y,252,COVID,move_level,0.0
NOR_1Y,252,COVID,move_zscore,0.0
NOR_1Y,252,COVID,vix_level,0.0
NOR_1Y,252,COVID,vix_zscore,0.0
NOR_1Y,252,COVID,v2x_level,0.0
NOR_1Y,252,COVID,vxn_level,0.0
NOR_1Y,252,COVID,ovx_level,0.0
NOR_1Y,252,COVID,gvz_level,0.0
NOR_1Y,252,COVID,spx_mom_1m,0.0
NOR_1Y,252,COVID,spx_mom_3m,0.0
NOR_1Y,252,COVID,sx5e_mom_1m,0.0
NOR_1Y,252,COVID,sx5e_mom_3m,0.0
NOR_1Y,252,COVID,mxwo_mom_1m,0.0
NOR_1Y,252,COVID,ndx_mom_1m,0.0
NOR_1Y,252,COVID,oil_mom_1m,0.0
NOR_1Y,252,COVID,oil_mom_3m,0.0
NOR_1Y,252,COVID,copper_mom_1m,0.0
NOR_1Y,252,COVID,opec_prod,0.0
NOR_1Y,252,COVID,natgas_mom_1m,0.0
NOR_1Y,252,COVID,be5y_level,0.0
NOR_1Y,252,COVID,be10y_level,0.0
NOR_1Y,252,COVID,be_slope,0.0
NOR_1Y,252,COVID,be5y_chg_1m,0.0
NOR_1Y,252,COVID,ig_spread,0.0
NOR_1Y,252,COVID,hy_spread,0.0
NOR_1Y,252,COVID,ig_chg_1m,0.0
NOR_1Y,252,COVID,hy_chg_1m,0.0
NOR_1Y,252,COVID,cpi_yoy,5.48193359375
NOR_1Y,252,COVID,pce_core_chg,0.0
NOR_1Y,252,COVID,nfp_change,4.715923309326172
NOR_1Y,252,COVID,pmi_us,0.0
NOR_1Y,252,COVID,pmi_eur,16.449602127075195
NOR_1Y,252,COVID,unemp_eur,8.186576843261719
NOR_1Y,252,COVID,cpi_nsa_level,0.0
NOR_1Y,252,COVID,pce_core_level,0.0
NOR_1Y,252,COVID,eur_3m,0.0
NOR_1Y,252,COVID,eur_1w,3.072437047958374
NOR_1Y,252,COVID,nor_ibor_1m,0.0
NOR_1Y,252,COVID,nor_ibor_6m,7.0664286613464355
NOR_1Y,252,COVID,nor_ecb_dfr_chg,0.0
NOR_1Y,252,COVID,nor_ecb_dfr_level,4.359742164611816
NOR_1Y,252,COVID,nor_eurnok_chg_1d,0.0
NOR_1Y,252,COVID,nor_eurnok_level,0.0
NOR_1Y,252,COVID,nor_eurnok_mom_1m,0.0
NOR_1Y,252,COVID,nor_eurnok_mom_3m,0.0
NOR_1Y,252,COVID,nor_eurnok_rvol_20d,0.0
NOR_1Y,252,COVID,nor_govt_10y,0.0
NOR_1Y,252,COVID,nor_govt_3y,0.0
NOR_1Y,252,COVID,nor_govt_5y,0.0
NOR_1Y,252,COVID,nor_i44_chg_1d,0.0
NOR_1Y,252,COVID,nor_i44_level,0.0
NOR_1Y,252,COVID,nor_i44_mom_1m,0.0
NOR_1Y,252,COVID,nor_i44_mom_3m,0.0
NOR_1Y,252,COVID,nor_i44_rvol_20d,0.0
NOR_1Y,252,COVID,nor_kpi_yoy,2.0202956199645996
NOR_1Y,252,COVID,nor_kpijae_yoy,5.575523853302002
NOR_1Y,252,COVID,nor_nibor_nowa_spread,0.0
NOR_1Y,252,COVID,nor_nowa_level,0.0
NOR_1Y,252,COVID,nor_polrate_chg_1d,0.0
NOR_1Y,252,COVID,nor_polrate_days_since_chg,0.0
NOR_1Y,252,COVID,nor_polrate_level,0.0
NOR_1Y,252,COVID,nor_rb_rate_chg,0.0
NOR_1Y,252,COVID,nor_rb_rate_level,14.973392486572266
NOR_1Y,252,COVID,nor_unemp,0.0
NOR_1Y,252,COVID,nor_usdnok_chg_1d,0.0
NOR_1Y,252,COVID,nor_usdnok_level,0.0
NOR_1Y,252,COVID,nor_usdnok_mom_1m,0.0
NOR_1Y,252,COVID,nor_usdnok_mom_3m,1.8708657026290894
NOR_1Y,252,COVID,nor_usdnok_rvol_20d,0.0
NOR_1Y,252,COVID,swap_govt_spread,0.0
NOR_1Y,252,COVID,xmpca_01,0.0
NOR_1Y,252,COVID,xmpca_02,0.0
NOR_1Y,252,COVID,xmpca_03,0.0
NOR_1Y,252,COVID,xmpca_04,0.0
NOR_1Y,252,COVID,xmpca_05,0.0
NOR_1Y,252,COVID,xmpca_06,0.0
NOR_1Y,252,COVID,xmpca_07,0.0
NOR_1Y,252,COVID,xmpca_08,0.0
NOR_1Y,252,COVID,xmpca_09,0.0
NOR_1Y,252,COVID,xmpca_10,0.0
NOR_1Y,252,COVID,xmpca_11,0.0
NOR_1Y,252,COVID,xmpca_12,0.0
NOR_1Y,252,Hiking,chg_lag1,0.0
NOR_1Y,252,Hiking,chg_lag2,0.0
NOR_1Y,252,Hiking,chg_lag3,0.0
NOR_1Y,252,Hiking,chg_lag4,0.0
NOR_1Y,252,Hiking,chg_lag5,0.0
NOR_1Y,252,Hiking,carry_roll,0.0
NOR_1Y,252,Hiking,mom_63d,0.0
NOR_1Y,252,Hiking,mom_1m,0.0
NOR_1Y,252,Hiking,mom_3m,0.0
NOR_1Y,252,Hiking,mom_6m,0.0
NOR_1Y,252,Hiking,mom_12m,0.0
NOR_1Y,252,Hiking,dev_ma_3m,0.0
NOR_1Y,252,Hiking,dev_ma_12m,0.0
NOR_1Y,252,Hiking,vol_20d,0.0
NOR_1Y,252,Hiking,vol_regime,0.0
NOR_1Y,252,Hiking,vol_zscore,0.0
NOR_1Y,252,Hiking,level_zscore,0.0
NOR_1Y,252,Hiking,slope_10_1,10.159053802490234
NOR_1Y,252,Hiking,slope_10_5,16.82671356201172
NOR_1Y,252,Hiking,slope_5_1,0.0
NOR_1Y,252,Hiking,sofr_mom_1m,0.0
NOR_1Y,252,Hiking,ibor_level,0.0
NOR_1Y,252,Hiking,ibor_chg_1d,0.0
NOR_1Y,252,Hiking,ibor_mom_1m,0.0
NOR_1Y,252,Hiking,ibor_term_slope,0.0
NOR_1Y,252,Hiking,swap_ibor_basis,0.0
NOR_1Y,252,Hiking,move_level,0.0
NOR_1Y,252,Hiking,move_zscore,0.0
NOR_1Y,252,Hiking,vix_level,0.0
NOR_1Y,252,Hiking,vix_zscore,0.0
NOR_1Y,252,Hiking,v2x_level,0.0
NOR_1Y,252,Hiking,vxn_level,0.0
NOR_1Y,252,Hiking,ovx_level,0.0
NOR_1Y,252,Hiking,gvz_level,0.0
NOR_1Y,252,Hiking,spx_mom_1m,0.0
NOR_1Y,252,Hiking,spx_mom_3m,0.0
NOR_1Y,252,Hiking,sx5e_mom_1m,0.0
NOR_1Y,252,Hiking,sx5e_mom_3m,0.0
NOR_1Y,252,Hiking,mxwo_mom_1m,0.0
NOR_1Y,252,Hiking,ndx_mom_1m,0.0
NOR_1Y,252,Hiking,oil_mom_1m,0.0
NOR_1Y,252,Hiking,oil_mom_3m,0.0
NOR_1Y,252,Hiking,copper_mom_1m,0.0
NOR_1Y,252,Hiking,opec_prod,0.0
NOR_1Y,252,Hiking,natgas_mom_1m,0.0
NOR_1Y,252,Hiking,be5y_level,0.0
NOR_1Y,252,Hiking,be10y_level,0.0
NOR_1Y,252,Hiking,be_slope,0.0
NOR_1Y,252,Hiking,be5y_chg_1m,0.0
NOR_1Y,252,Hiking,ig_spread,0.0
NOR_1Y,252,Hiking,hy_spread,0.0
NOR_1Y,252,Hiking,ig_chg_1m,0.0
NOR_1Y,252,Hiking,hy_chg_1m,0.0
NOR_1Y,252,Hiking,cpi_yoy,0.0
NOR_1Y,252,Hiking,pce_core_chg,0.0
NOR_1Y,252,Hiking,nfp_change,8.042549133300781
NOR_1Y,252,Hiking,pmi_us,0.0
NOR_1Y,252,Hiking,pmi_eur,27.86640167236328
NOR_1Y,252,Hiking,unemp_eur,0.0
NOR_1Y,252,Hiking,cpi_nsa_level,0.0
NOR_1Y,252,Hiking,pce_core_level,0.0
NOR_1Y,252,Hiking,eur_3m,0.0
NOR_1Y,252,Hiking,eur_1w,14.985376358032227
NOR_1Y,252,Hiking,nor_ibor_1m,0.0
NOR_1Y,252,Hiking,nor_ibor_6m,0.0
NOR_1Y,252,Hiking,nor_ecb_dfr_chg,0.0
NOR_1Y,252,Hiking,nor_ecb_dfr_level,0.0
NOR_1Y,252,Hiking,nor_eurnok_chg_1d,0.0
NOR_1Y,252,Hiking,nor_eurnok_level,0.0
NOR_1Y,252,Hiking,nor_eurnok_mom_1m,0.0
NOR_1Y,252,Hiking,nor_eurnok_mom_3m,0.0
NOR_1Y,252,Hiking,nor_eurnok_rvol_20d,0.0
NOR_1Y,252,Hiking,nor_govt_10y,0.0
NOR_1Y,252,Hiking,nor_govt_3y,0.0
NOR_1Y,252,Hiking,nor_govt_5y,0.0
NOR_1Y,252,Hiking,nor_i44_chg_1d,0.0
NOR_1Y,252,Hiking,nor_i44_level,0.0
NOR_1Y,252,Hiking,nor_i44_mom_1m,0.0
NOR_1Y,252,Hiking,nor_i44_mom_3m,0.0
NOR_1Y,252,Hiking,nor_i44_rvol_20d,0.0
NOR_1Y,252,Hiking,nor_kpi_yoy,0.0
NOR_1Y,252,Hiking,nor_kpijae_yoy,13.382524490356445
NOR_1Y,252,Hiking,nor_nibor_nowa_spread,0.0
NOR_1Y,252,Hiking,nor_nowa_level,8.737370491027832
NOR_1Y,252,Hiking,nor_polrate_chg_1d,0.0
NOR_1Y,252,Hiking,nor_polrate_days_since_chg,0.0
NOR_1Y,252,Hiking,nor_polrate_level,0.0
NOR_1Y,252,Hiking,nor_rb_rate_chg,0.0
NOR_1Y,252,Hiking,nor_rb_rate_level,0.0
NOR_1Y,252,Hiking,nor_unemp,0.0
NOR_1Y,252,Hiking,nor_usdnok_chg_1d,0.0
NOR_1Y,252,Hiking,nor_usdnok_level,0.0
NOR_1Y,252,Hiking,nor_usdnok_mom_1m,0.0
NOR_1Y,252,Hiking,nor_usdnok_mom_3m,0.0
NOR_1Y,252,Hiking,nor_usdnok_rvol_20d,0.0
NOR_1Y,252,Hiking,swap_govt_spread,0.0
NOR_1Y,252,Hiking,xmpca_01,0.0
NOR_1Y,252,Hiking,xmpca_02,0.0
NOR_1Y,252,Hiking,xmpca_03,0.0
NOR_1Y,252,Hiking,xmpca_04,0.0
NOR_1Y,252,Hiking,xmpca_05,0.0
NOR_1Y,252,Hiking,xmpca_06,0.0
NOR_1Y,252,Hiking,xmpca_07,0.0
NOR_1Y,252,Hiking,xmpca_08,0.0
NOR_1Y,252,Hiking,xmpca_09,0.0
NOR_1Y,252,Hiking,xmpca_10,0.0
NOR_1Y,252,Hiking,xmpca_11,0.0
NOR_1Y,252,Hiking,xmpca_12,0.0
NOR_30Y,252,ZIRP_early,chg_lag1,0.0
NOR_30Y,252,ZIRP_early,chg_lag2,0.0
NOR_30Y,252,ZIRP_early,chg_lag3,0.0
NOR_30Y,252,ZIRP_early,chg_lag4,0.0
NOR_30Y,252,ZIRP_early,chg_lag5,0.0
NOR_30Y,252,ZIRP_early,carry_roll,0.0
NOR_30Y,252,ZIRP_early,mom_63d,0.0
NOR_30Y,252,ZIRP_early,mom_1m,0.0
NOR_30Y,252,ZIRP_early,mom_3m,0.0
NOR_30Y,252,ZIRP_early,mom_6m,0.0
NOR_30Y,252,ZIRP_early,mom_12m,0.0
NOR_30Y,252,ZIRP_early,dev_ma_3m,0.0
NOR_30Y,252,ZIRP_early,dev_ma_12m,0.0
NOR_30Y,252,ZIRP_early,vol_20d,0.0
NOR_30Y,252,ZIRP_early,vol_regime,0.0
NOR_30Y,252,ZIRP_early,vol_zscore,0.0
NOR_30Y,252,ZIRP_early,level_zscore,0.0
NOR_30Y,252,ZIRP_early,slope_10_1,0.0
NOR_30Y,252,ZIRP_early,slope_10_5,0.0
NOR_30Y,252,ZIRP_early,slope_5_1,0.0
NOR_30Y,252,ZIRP_early,sofr_mom_1m,0.0
NOR_30Y,252,ZIRP_early,ibor_level,0.0
NOR_30Y,252,ZIRP_early,ibor_chg_1d,0.0
NOR_30Y,252,ZIRP_early,ibor_mom_1m,0.0
NOR_30Y,252,ZIRP_early,ibor_term_slope,0.0
NOR_30Y,252,ZIRP_early,swap_ibor_basis,0.0
NOR_30Y,252,ZIRP_early,move_level,0.0
NOR_30Y,252,ZIRP_early,move_zscore,0.0
NOR_30Y,252,ZIRP_early,vix_level,0.0
NOR_30Y,252,ZIRP_early,vix_zscore,0.0
NOR_30Y,252,ZIRP_early,v2x_level,0.0
NOR_30Y,252,ZIRP_early,vxn_level,0.0
NOR_30Y,252,ZIRP_early,ovx_level,0.0
NOR_30Y,252,ZIRP_early,gvz_level,0.0
NOR_30Y,252,ZIRP_early,spx_mom_1m,0.0
NOR_30Y,252,ZIRP_early,spx_mom_3m,0.0
NOR_30Y,252,ZIRP_early,sx5e_mom_1m,0.0
NOR_30Y,252,ZIRP_early,sx5e_mom_3m,0.0
NOR_30Y,252,ZIRP_early,mxwo_mom_1m,0.0
NOR_30Y,252,ZIRP_early,ndx_mom_1m,0.0
NOR_30Y,252,ZIRP_early,oil_mom_1m,0.0
NOR_30Y,252,ZIRP_early,oil_mom_3m,0.0
NOR_30Y,252,ZIRP_early,copper_mom_1m,0.0
NOR_30Y,252,ZIRP_early,opec_prod,0.0
NOR_30Y,252,ZIRP_early,natgas_mom_1m,0.0
NOR_30Y,252,ZIRP_early,be5y_level,0.0
NOR_30Y,252,ZIRP_early,be10y_level,0.0
NOR_30Y,252,ZIRP_early,be_slope,0.0
NOR_30Y,252,ZIRP_early,be5y_chg_1m,0.0
NOR_30Y,252,ZIRP_early,ig_spread,0.0
NOR_30Y,252,ZIRP_early,hy_spread,0.0
NOR_30Y,252,ZIRP_early,ig_chg_1m,0.0
NOR_30Y,252,ZIRP_early,hy_chg_1m,0.0
NOR_30Y,252,ZIRP_early,cpi_yoy,0.0
NOR_30Y,252,ZIRP_early,pce_core_chg,0.0
NOR_30Y,252,ZIRP_early,nfp_change,0.0
NOR_30Y,252,ZIRP_early,pmi_us,0.0
NOR_30Y,252,ZIRP_early,pmi_eur,0.0
NOR_30Y,252,ZIRP_early,unemp_eur,0.0
NOR_30Y,252,ZIRP_early,cpi_nsa_level,0.0
NOR_30Y,252,ZIRP_early,pce_core_level,0.0
NOR_30Y,252,ZIRP_early,eur_3m,0.0
NOR_30Y,252,ZIRP_early,eur_1w,0.0
NOR_30Y,252,ZIRP_early,nor_ibor_1m,0.0
NOR_30Y,252,ZIRP_early,nor_ibor_6m,0.0
NOR_30Y,252,ZIRP_early,nor_ecb_dfr_chg,0.0
NOR_30Y,252,ZIRP_early,nor_ecb_dfr_level,0.0
NOR_30Y,252,ZIRP_early,nor_eurnok_chg_1d,0.0
NOR_30Y,252,ZIRP_early,nor_eurnok_level,0.0
NOR_30Y,252,ZIRP_early,nor_eurnok_mom_1m,0.0
NOR_30Y,252,ZIRP_early,nor_eurnok_mom_3m,0.0
NOR_30Y,252,ZIRP_early,nor_eurnok_rvol_20d,0.0
NOR_30Y,252,ZIRP_early,nor_govt_10y,0.0
NOR_30Y,252,ZIRP_early,nor_govt_3y,0.0
NOR_30Y,252,ZIRP_early,nor_govt_5y,0.0
NOR_30Y,252,ZIRP_early,nor_i44_chg_1d,0.0
NOR_30Y,252,ZIRP_early,nor_i44_level,0.0
NOR_30Y,252,ZIRP_early,nor_i44_mom_1m,0.0
NOR_30Y,252,ZIRP_early,nor_i44_mom_3m,0.0
NOR_30Y,252,ZIRP_early,nor_i44_rvol_20d,0.0
NOR_30Y,252,ZIRP_early,nor_kpi_yoy,0.0
NOR_30Y,252,ZIRP_early,nor_kpijae_yoy,0.0
NOR_30Y,252,ZIRP_early,nor_nibor_nowa_spread,0.0
NOR_30Y,252,ZIRP_early,nor_nowa_level,0.0
NOR_30Y,252,ZIRP_early,nor_polrate_chg_1d,0.0
NOR_30Y,252,ZIRP_early,nor_polrate_days_since_chg,0.0
NOR_30Y,252,ZIRP_early,nor_polrate_level,0.0
NOR_30Y,252,ZIRP_early,nor_rb_rate_chg,0.0
NOR_30Y,252,ZIRP_early,nor_rb_rate_level,0.0
NOR_30Y,252,ZIRP_early,nor_unemp,0.0
NOR_30Y,252,ZIRP_early,nor_usdnok_chg_1d,0.0
NOR_30Y,252,ZIRP_early,nor_usdnok_level,0.0
NOR_30Y,252,ZIRP_early,nor_usdnok_mom_1m,0.0
NOR_30Y,252,ZIRP_early,nor_usdnok_mom_3m,0.0
NOR_30Y,252,ZIRP_early,nor_usdnok_rvol_20d,0.0
NOR_30Y,252,ZIRP_early,swap_govt_spread,0.0
NOR_30Y,252,ZIRP_early,xmpca_01,0.0
NOR_30Y,252,ZIRP_early,xmpca_02,0.0
NOR_30Y,252,ZIRP_early,xmpca_03,0.0
NOR_30Y,252,ZIRP_early,xmpca_04,99.99999237060547
NOR_30Y,252,ZIRP_early,xmpca_05,0.0
NOR_30Y,252,ZIRP_early,xmpca_06,0.0
NOR_30Y,252,ZIRP_early,xmpca_07,0.0
NOR_30Y,252,ZIRP_early,xmpca_08,0.0
NOR_30Y,252,ZIRP_early,xmpca_09,0.0
NOR_30Y,252,ZIRP_early,xmpca_10,0.0
NOR_30Y,252,ZIRP_early,xmpca_11,0.0
NOR_30Y,252,ZIRP_early,xmpca_12,0.0
NOR_30Y,252,ZIRP_late,chg_lag1,0.0
NOR_30Y,252,ZIRP_late,chg_lag2,0.0
NOR_30Y,252,ZIRP_late,chg_lag3,0.0
NOR_30Y,252,ZIRP_late,chg_lag4,0.0
NOR_30Y,252,ZIRP_late,chg_lag5,0.0
NOR_30Y,252,ZIRP_late,carry_roll,0.0
NOR_30Y,252,ZIRP_late,mom_63d,0.0
NOR_30Y,252,ZIRP_late,mom_1m,0.0
NOR_30Y,252,ZIRP_late,mom_3m,0.0
NOR_30Y,252,ZIRP_late,mom_6m,0.0
NOR_30Y,252,ZIRP_late,mom_12m,0.0
NOR_30Y,252,ZIRP_late,dev_ma_3m,0.0
NOR_30Y,252,ZIRP_late,dev_ma_12m,0.0
NOR_30Y,252,ZIRP_late,vol_20d,0.0
NOR_30Y,252,ZIRP_late,vol_regime,99.99999237060547
NOR_30Y,252,ZIRP_late,vol_zscore,0.0
NOR_30Y,252,ZIRP_late,level_zscore,0.0
NOR_30Y,252,ZIRP_late,slope_10_1,0.0
NOR_30Y,252,ZIRP_late,slope_10_5,0.0
NOR_30Y,252,ZIRP_late,slope_5_1,0.0
NOR_30Y,252,ZIRP_late,sofr_mom_1m,0.0
NOR_30Y,252,ZIRP_late,ibor_level,0.0
NOR_30Y,252,ZIRP_late,ibor_chg_1d,0.0
NOR_30Y,252,ZIRP_late,ibor_mom_1m,0.0
NOR_30Y,252,ZIRP_late,ibor_term_slope,0.0
NOR_30Y,252,ZIRP_late,swap_ibor_basis,0.0
NOR_30Y,252,ZIRP_late,move_level,0.0
NOR_30Y,252,ZIRP_late,move_zscore,0.0
NOR_30Y,252,ZIRP_late,vix_level,0.0
NOR_30Y,252,ZIRP_late,vix_zscore,0.0
NOR_30Y,252,ZIRP_late,v2x_level,0.0
NOR_30Y,252,ZIRP_late,vxn_level,0.0
NOR_30Y,252,ZIRP_late,ovx_level,0.0
NOR_30Y,252,ZIRP_late,gvz_level,0.0
NOR_30Y,252,ZIRP_late,spx_mom_1m,0.0
NOR_30Y,252,ZIRP_late,spx_mom_3m,0.0
NOR_30Y,252,ZIRP_late,sx5e_mom_1m,0.0
NOR_30Y,252,ZIRP_late,sx5e_mom_3m,0.0
NOR_30Y,252,ZIRP_late,mxwo_mom_1m,0.0
NOR_30Y,252,ZIRP_late,ndx_mom_1m,0.0
NOR_30Y,252,ZIRP_late,oil_mom_1m,0.0
NOR_30Y,252,ZIRP_late,oil_mom_3m,0.0
NOR_30Y,252,ZIRP_late,copper_mom_1m,0.0
NOR_30Y,252,ZIRP_late,opec_prod,0.0
NOR_30Y,252,ZIRP_late,natgas_mom_1m,0.0
NOR_30Y,252,ZIRP_late,be5y_level,0.0
NOR_30Y,252,ZIRP_late,be10y_level,0.0
NOR_30Y,252,ZIRP_late,be_slope,0.0
NOR_30Y,252,ZIRP_late,be5y_chg_1m,0.0
NOR_30Y,252,ZIRP_late,ig_spread,0.0
NOR_30Y,252,ZIRP_late,hy_spread,0.0
NOR_30Y,252,ZIRP_late,ig_chg_1m,0.0
NOR_30Y,252,ZIRP_late,hy_chg_1m,0.0
NOR_30Y,252,ZIRP_late,cpi_yoy,0.0
NOR_30Y,252,ZIRP_late,pce_core_chg,0.0
NOR_30Y,252,ZIRP_late,nfp_change,0.0
NOR_30Y,252,ZIRP_late,pmi_us,0.0
NOR_30Y,252,ZIRP_late,pmi_eur,0.0
NOR_30Y,252,ZIRP_late,unemp_eur,0.0
NOR_30Y,252,ZIRP_late,cpi_nsa_level,0.0
NOR_30Y,252,ZIRP_late,pce_core_level,0.0
NOR_30Y,252,ZIRP_late,eur_3m,0.0
NOR_30Y,252,ZIRP_late,eur_1w,0.0
NOR_30Y,252,ZIRP_late,nor_ibor_1m,0.0
NOR_30Y,252,ZIRP_late,nor_ibor_6m,0.0
NOR_30Y,252,ZIRP_late,nor_ecb_dfr_chg,0.0
NOR_30Y,252,ZIRP_late,nor_ecb_dfr_level,0.0
NOR_30Y,252,ZIRP_late,nor_eurnok_chg_1d,0.0
NOR_30Y,252,ZIRP_late,nor_eurnok_level,0.0
NOR_30Y,252,ZIRP_late,nor_eurnok_mom_1m,0.0
NOR_30Y,252,ZIRP_late,nor_eurnok_mom_3m,0.0
NOR_30Y,252,ZIRP_late,nor_eurnok_rvol_20d,0.0
NOR_30Y,252,ZIRP_late,nor_govt_10y,0.0
NOR_30Y,252,ZIRP_late,nor_govt_3y,0.0
NOR_30Y,252,ZIRP_late,nor_govt_5y,0.0
NOR_30Y,252,ZIRP_late,nor_i44_chg_1d,0.0
NOR_30Y,252,ZIRP_late,nor_i44_level,0.0
NOR_30Y,252,ZIRP_late,nor_i44_mom_1m,0.0
NOR_30Y,252,ZIRP_late,nor_i44_mom_3m,0.0
NOR_30Y,252,ZIRP_late,nor_i44_rvol_20d,0.0
NOR_30Y,252,ZIRP_late,nor_kpi_yoy,0.0
NOR_30Y,252,ZIRP_late,nor_kpijae_yoy,0.0
NOR_30Y,252,ZIRP_late,nor_nibor_nowa_spread,0.0
NOR_30Y,252,ZIRP_late,nor_nowa_level,0.0
NOR_30Y,252,ZIRP_late,nor_polrate_chg_1d,0.0
NOR_30Y,252,ZIRP_late,nor_polrate_days_since_chg,0.0
NOR_30Y,252,ZIRP_late,nor_polrate_level,0.0
NOR_30Y,252,ZIRP_late,nor_rb_rate_chg,0.0
NOR_30Y,252,ZIRP_late,nor_rb_rate_level,0.0
NOR_30Y,252,ZIRP_late,nor_unemp,0.0
NOR_30Y,252,ZIRP_late,nor_usdnok_chg_1d,0.0
NOR_30Y,252,ZIRP_late,nor_usdnok_level,0.0
NOR_30Y,252,ZIRP_late,nor_usdnok_mom_1m,0.0
NOR_30Y,252,ZIRP_late,nor_usdnok_mom_3m,0.0
NOR_30Y,252,ZIRP_late,nor_usdnok_rvol_20d,0.0
NOR_30Y,252,ZIRP_late,swap_govt_spread,0.0
NOR_30Y,252,ZIRP_late,xmpca_01,0.0
NOR_30Y,252,ZIRP_late,xmpca_02,0.0
NOR_30Y,252,ZIRP_late,xmpca_03,0.0
NOR_30Y,252,ZIRP_late,xmpca_04,0.0
NOR_30Y,252,ZIRP_late,xmpca_05,0.0
NOR_30Y,252,ZIRP_late,xmpca_06,0.0
NOR_30Y,252,ZIRP_late,xmpca_07,0.0
NOR_30Y,252,ZIRP_late,xmpca_08,0.0
NOR_30Y,252,ZIRP_late,xmpca_09,0.0
NOR_30Y,252,ZIRP_late,xmpca_10,0.0
NOR_30Y,252,ZIRP_late,xmpca_11,0.0
NOR_30Y,252,ZIRP_late,xmpca_12,0.0
NOR_30Y,252,COVID,chg_lag1,0.0
NOR_30Y,252,COVID,chg_lag2,0.0
NOR_30Y,252,COVID,chg_lag3,0.0
NOR_30Y,252,COVID,chg_lag4,0.0
NOR_30Y,252,COVID,chg_lag5,0.0
NOR_30Y,252,COVID,carry_roll,0.0
NOR_30Y,252,COVID,mom_63d,0.0
NOR_30Y,252,COVID,mom_1m,0.0
NOR_30Y,252,COVID,mom_3m,0.0
NOR_30Y,252,COVID,mom_6m,0.0
NOR_30Y,252,COVID,mom_12m,0.0
NOR_30Y,252,COVID,dev_ma_3m,0.0
NOR_30Y,252,COVID,dev_ma_12m,0.0
NOR_30Y,252,COVID,vol_20d,0.0
NOR_30Y,252,COVID,vol_regime,0.0
NOR_30Y,252,COVID,vol_zscore,0.0
NOR_30Y,252,COVID,level_zscore,0.0
NOR_30Y,252,COVID,slope_10_1,0.0
NOR_30Y,252,COVID,slope_10_5,0.0
NOR_30Y,252,COVID,slope_5_1,0.0
NOR_30Y,252,COVID,sofr_mom_1m,0.0
NOR_30Y,252,COVID,ibor_level,0.0
NOR_30Y,252,COVID,ibor_chg_1d,0.0
NOR_30Y,252,COVID,ibor_mom_1m,0.0
NOR_30Y,252,COVID,ibor_term_slope,0.0
NOR_30Y,252,COVID,swap_ibor_basis,0.0
NOR_30Y,252,COVID,move_level,0.0
NOR_30Y,252,COVID,move_zscore,0.0
NOR_30Y,252,COVID,vix_level,0.0
NOR_30Y,252,COVID,vix_zscore,0.0
NOR_30Y,252,COVID,v2x_level,0.0
NOR_30Y,252,COVID,vxn_level,0.0
NOR_30Y,252,COVID,ovx_level,0.0
NOR_30Y,252,COVID,gvz_level,0.0
NOR_30Y,252,COVID,spx_mom_1m,0.0
NOR_30Y,252,COVID,spx_mom_3m,0.0
NOR_30Y,252,COVID,sx5e_mom_1m,0.0
NOR_30Y,252,COVID,sx5e_mom_3m,0.0
NOR_30Y,252,COVID,mxwo_mom_1m,0.0
NOR_30Y,252,COVID,ndx_mom_1m,0.0
NOR_30Y,252,COVID,oil_mom_1m,0.0
NOR_30Y,252,COVID,oil_mom_3m,0.0
NOR_30Y,252,COVID,copper_mom_1m,0.0
NOR_30Y,252,COVID,opec_prod,0.0
NOR_30Y,252,COVID,natgas_mom_1m,0.0
NOR_30Y,252,COVID,be5y_level,0.0
NOR_30Y,252,COVID,be10y_level,0.0
NOR_30Y,252,COVID,be_slope,0.0
NOR_30Y,252,COVID,be5y_chg_1m,0.0
NOR_30Y,252,COVID,ig_spread,0.0
NOR_30Y,252,COVID,hy_spread,0.0
NOR_30Y,252,COVID,ig_chg_1m,0.0
NOR_30Y,252,COVID,hy_chg_1m,0.0
NOR_30Y,252,COVID,cpi_yoy,0.0
NOR_30Y,252,COVID,pce_core_chg,0.0
NOR_30Y,252,COVID,nfp_change,0.0
NOR_30Y,252,COVID,pmi_us,0.0
NOR_30Y,252,COVID,pmi_eur,0.0
NOR_30Y,252,COVID,unemp_eur,0.0
NOR_30Y,252,COVID,cpi_nsa_level,0.0
NOR_30Y,252,COVID,pce_core_level,0.0
NOR_30Y,252,COVID,eur_3m,0.0
NOR_30Y,252,COVID,eur_1w,100.0
NOR_30Y,252,COVID,nor_ibor_1m,0.0
NOR_30Y,252,COVID,nor_ibor_6m,0.0
NOR_30Y,252,COVID,nor_ecb_dfr_chg,0.0
NOR_30Y,252,COVID,nor_ecb_dfr_level,0.0
NOR_30Y,252,COVID,nor_eurnok_chg_1d,0.0
NOR_30Y,252,COVID,nor_eurnok_level,0.0
NOR_30Y,252,COVID,nor_eurnok_mom_1m,0.0
NOR_30Y,252,COVID,nor_eurnok_mom_3m,0.0
NOR_30Y,252,COVID,nor_eurnok_rvol_20d,0.0
NOR_30Y,252,COVID,nor_govt_10y,0.0
NOR_30Y,252,COVID,nor_govt_3y,0.0
NOR_30Y,252,COVID,nor_govt_5y,0.0
NOR_30Y,252,COVID,nor_i44_chg_1d,0.0
NOR_30Y,252,COVID,nor_i44_level,0.0
NOR_30Y,252,COVID,nor_i44_mom_1m,0.0
NOR_30Y,252,COVID,nor_i44_mom_3m,0.0
NOR_30Y,252,COVID,nor_i44_rvol_20d,0.0
NOR_30Y,252,COVID,nor_kpi_yoy,0.0
NOR_30Y,252,COVID,nor_kpijae_yoy,0.0
NOR_30Y,252,COVID,nor_nibor_nowa_spread,0.0
NOR_30Y,252,COVID,nor_nowa_level,0.0
NOR_30Y,252,COVID,nor_polrate_chg_1d,0.0
NOR_30Y,252,COVID,nor_polrate_days_since_chg,0.0
NOR_30Y,252,COVID,nor_polrate_level,0.0
NOR_30Y,252,COVID,nor_rb_rate_chg,0.0
NOR_30Y,252,COVID,nor_rb_rate_level,0.0
NOR_30Y,252,COVID,nor_unemp,0.0
NOR_30Y,252,COVID,nor_usdnok_chg_1d,0.0
NOR_30Y,252,COVID,nor_usdnok_level,0.0
NOR_30Y,252,COVID,nor_usdnok_mom_1m,0.0
NOR_30Y,252,COVID,nor_usdnok_mom_3m,0.0
NOR_30Y,252,COVID,nor_usdnok_rvol_20d,0.0
NOR_30Y,252,COVID,swap_govt_spread,0.0
NOR_30Y,252,COVID,xmpca_01,0.0
NOR_30Y,252,COVID,xmpca_02,0.0
NOR_30Y,252,COVID,xmpca_03,0.0
NOR_30Y,252,COVID,xmpca_04,0.0
NOR_30Y,252,COVID,xmpca_05,0.0
NOR_30Y,252,COVID,xmpca_06,0.0
NOR_30Y,252,COVID,xmpca_07,0.0
NOR_30Y,252,COVID,xmpca_08,0.0
NOR_30Y,252,COVID,xmpca_09,0.0
NOR_30Y,252,COVID,xmpca_10,0.0
NOR_30Y,252,COVID,xmpca_11,0.0
NOR_30Y,252,COVID,xmpca_12,0.0
NOR_30Y,252,Hiking,chg_lag1,0.0
NOR_30Y,252,Hiking,chg_lag2,0.0
NOR_30Y,252,Hiking,chg_lag3,0.0
NOR_30Y,252,Hiking,chg_lag4,0.0
NOR_30Y,252,Hiking,chg_lag5,0.0
NOR_30Y,252,Hiking,carry_roll,0.0
NOR_30Y,252,Hiking,mom_63d,0.0
NOR_30Y,252,Hiking,mom_1m,0.0
NOR_30Y,252,Hiking,mom_3m,0.0
NOR_30Y,252,Hiking,mom_6m,0.0
NOR_30Y,252,Hiking,mom_12m,0.0
NOR_30Y,252,Hiking,dev_ma_3m,0.0
NOR_30Y,252,Hiking,dev_ma_12m,0.0
NOR_30Y,252,Hiking,vol_20d,0.0
NOR_30Y,252,Hiking,vol_regime,18.196453094482422
NOR_30Y,252,Hiking,vol_zscore,0.0
NOR_30Y,252,Hiking,level_zscore,0.0
NOR_30Y,252,Hiking,slope_10_1,0.0
NOR_30Y,252,Hiking,slope_10_5,0.0
NOR_30Y,252,Hiking,slope_5_1,0.0
NOR_30Y,252,Hiking,sofr_mom_1m,0.0
NOR_30Y,252,Hiking,ibor_level,0.0
NOR_30Y,252,Hiking,ibor_chg_1d,0.0
NOR_30Y,252,Hiking,ibor_mom_1m,0.0
NOR_30Y,252,Hiking,ibor_term_slope,0.0
NOR_30Y,252,Hiking,swap_ibor_basis,0.0
NOR_30Y,252,Hiking,move_level,0.0
NOR_30Y,252,Hiking,move_zscore,0.0
NOR_30Y,252,Hiking,vix_level,0.0
NOR_30Y,252,Hiking,vix_zscore,0.0
NOR_30Y,252,Hiking,v2x_level,0.0
NOR_30Y,252,Hiking,vxn_level,0.0
NOR_30Y,252,Hiking,ovx_level,0.0
NOR_30Y,252,Hiking,gvz_level,0.0
NOR_30Y,252,Hiking,spx_mom_1m,0.0
NOR_30Y,252,Hiking,spx_mom_3m,0.0
NOR_30Y,252,Hiking,sx5e_mom_1m,0.0
NOR_30Y,252,Hiking,sx5e_mom_3m,0.0
NOR_30Y,252,Hiking,mxwo_mom_1m,0.0
NOR_30Y,252,Hiking,ndx_mom_1m,0.0
NOR_30Y,252,Hiking,oil_mom_1m,0.0
NOR_30Y,252,Hiking,oil_mom_3m,0.0
NOR_30Y,252,Hiking,copper_mom_1m,0.0
NOR_30Y,252,Hiking,opec_prod,81.80355072021484
NOR_30Y,252,Hiking,natgas_mom_1m,0.0
NOR_30Y,252,Hiking,be5y_level,0.0
NOR_30Y,252,Hiking,be10y_level,0.0
NOR_30Y,252,Hiking,be_slope,0.0
NOR_30Y,252,Hiking,be5y_chg_1m,0.0
NOR_30Y,252,Hiking,ig_spread,0.0
NOR_30Y,252,Hiking,hy_spread,0.0
NOR_30Y,252,Hiking,ig_chg_1m,0.0
NOR_30Y,252,Hiking,hy_chg_1m,0.0
NOR_30Y,252,Hiking,cpi_yoy,0.0
NOR_30Y,252,Hiking,pce_core_chg,0.0
NOR_30Y,252,Hiking,nfp_change,0.0
NOR_30Y,252,Hiking,pmi_us,0.0
NOR_30Y,252,Hiking,pmi_eur,0.0
NOR_30Y,252,Hiking,unemp_eur,0.0
NOR_30Y,252,Hiking,cpi_nsa_level,0.0
NOR_30Y,252,Hiking,pce_core_level,0.0
NOR_30Y,252,Hiking,eur_3m,0.0
NOR_30Y,252,Hiking,eur_1w,0.0
NOR_30Y,252,Hiking,nor_ibor_1m,0.0
NOR_30Y,252,Hiking,nor_ibor_6m,0.0
NOR_30Y,252,Hiking,nor_ecb_dfr_chg,0.0
NOR_30Y,252,Hiking,nor_ecb_dfr_level,0.0
NOR_30Y,252,Hiking,nor_eurnok_chg_1d,0.0
NOR_30Y,252,Hiking,nor_eurnok_level,0.0
NOR_30Y,252,Hiking,nor_eurnok_mom_1m,0.0
NOR_30Y,252,Hiking,nor_eurnok_mom_3m,0.0
NOR_30Y,252,Hiking,nor_eurnok_rvol_20d,0.0
NOR_30Y,252,Hiking,nor_govt_10y,0.0
NOR_30Y,252,Hiking,nor_govt_3y,0.0
NOR_30Y,252,Hiking,nor_govt_5y,0.0
NOR_30Y,252,Hiking,nor_i44_chg_1d,0.0
NOR_30Y,252,Hiking,nor_i44_level,0.0
NOR_30Y,252,Hiking,nor_i44_mom_1m,0.0
NOR_30Y,252,Hiking,nor_i44_mom_3m,0.0
NOR_30Y,252,Hiking,nor_i44_rvol_20d,0.0
NOR_30Y,252,Hiking,nor_kpi_yoy,0.0
NOR_30Y,252,Hiking,nor_kpijae_yoy,0.0
NOR_30Y,252,Hiking,nor_nibor_nowa_spread,0.0
NOR_30Y,252,Hiking,nor_nowa_level,0.0
NOR_30Y,252,Hiking,nor_polrate_chg_1d,0.0
NOR_30Y,252,Hiking,nor_polrate_days_since_chg,0.0
NOR_30Y,252,Hiking,nor_polrate_level,0.0
NOR_30Y,252,Hiking,nor_rb_rate_chg,0.0
NOR_30Y,252,Hiking,nor_rb_rate_level,0.0
NOR_30Y,252,Hiking,nor_unemp,0.0
NOR_30Y,252,Hiking,nor_usdnok_chg_1d,0.0
NOR_30Y,252,Hiking,nor_usdnok_level,0.0
NOR_30Y,252,Hiking,nor_usdnok_mom_1m,0.0
NOR_30Y,252,Hiking,nor_usdnok_mom_3m,0.0
NOR_30Y,252,Hiking,nor_usdnok_rvol_20d,0.0
NOR_30Y,252,Hiking,swap_govt_spread,0.0
NOR_30Y,252,Hiking,xmpca_01,0.0
NOR_30Y,252,Hiking,xmpca_02,0.0
NOR_30Y,252,Hiking,xmpca_03,0.0
NOR_30Y,252,Hiking,xmpca_04,0.0
NOR_30Y,252,Hiking,xmpca_05,0.0
NOR_30Y,252,Hiking,xmpca_06,0.0
NOR_30Y,252,Hiking,xmpca_07,0.0
NOR_30Y,252,Hiking,xmpca_08,0.0
NOR_30Y,252,Hiking,xmpca_09,0.0
NOR_30Y,252,Hiking,xmpca_10,0.0
NOR_30Y,252,Hiking,xmpca_11,0.0
NOR_30Y,252,Hiking,xmpca_12,0.0
NOR_5Y,252,ZIRP_early,chg_lag1,0.0
NOR_5Y,252,ZIRP_early,chg_lag2,0.0
NOR_5Y,252,ZIRP_early,chg_lag3,0.0
NOR_5Y,252,ZIRP_early,chg_lag4,0.0
NOR_5Y,252,ZIRP_early,chg_lag5,0.0
NOR_5Y,252,ZIRP_early,carry_roll,0.0
NOR_5Y,252,ZIRP_early,mom_63d,0.0
NOR_5Y,252,ZIRP_early,mom_1m,0.0
NOR_5Y,252,ZIRP_early,mom_3m,0.0
NOR_5Y,252,ZIRP_early,mom_6m,0.0
NOR_5Y,252,ZIRP_early,mom_12m,0.0
NOR_5Y,252,ZIRP_early,dev_ma_3m,0.0
NOR_5Y,252,ZIRP_early,dev_ma_12m,0.0
NOR_5Y,252,ZIRP_early,vol_20d,0.0
NOR_5Y,252,ZIRP_early,vol_regime,0.0
NOR_5Y,252,ZIRP_early,vol_zscore,0.0
NOR_5Y,252,ZIRP_early,level_zscore,0.0
NOR_5Y,252,ZIRP_early,slope_10_1,0.0
NOR_5Y,252,ZIRP_early,slope_10_5,0.0
NOR_5Y,252,ZIRP_early,slope_5_1,0.0
NOR_5Y,252,ZIRP_early,sofr_mom_1m,0.0
NOR_5Y,252,ZIRP_early,ibor_level,0.0
NOR_5Y,252,ZIRP_early,ibor_chg_1d,0.0
NOR_5Y,252,ZIRP_early,ibor_mom_1m,0.0
NOR_5Y,252,ZIRP_early,ibor_term_slope,0.0
NOR_5Y,252,ZIRP_early,swap_ibor_basis,0.0
NOR_5Y,252,ZIRP_early,move_level,0.0
NOR_5Y,252,ZIRP_early,move_zscore,0.0
NOR_5Y,252,ZIRP_early,vix_level,0.0
NOR_5Y,252,ZIRP_early,vix_zscore,0.0
NOR_5Y,252,ZIRP_early,v2x_level,0.0
NOR_5Y,252,ZIRP_early,vxn_level,0.0
NOR_5Y,252,ZIRP_early,ovx_level,0.0
NOR_5Y,252,ZIRP_early,gvz_level,0.0
NOR_5Y,252,ZIRP_early,spx_mom_1m,0.0
NOR_5Y,252,ZIRP_early,spx_mom_3m,0.0
NOR_5Y,252,ZIRP_early,sx5e_mom_1m,0.0
NOR_5Y,252,ZIRP_early,sx5e_mom_3m,0.0
NOR_5Y,252,ZIRP_early,mxwo_mom_1m,0.0
NOR_5Y,252,ZIRP_early,ndx_mom_1m,0.0
NOR_5Y,252,ZIRP_early,oil_mom_1m,0.0
NOR_5Y,252,ZIRP_early,oil_mom_3m,0.0
NOR_5Y,252,ZIRP_early,copper_mom_1m,0.0
NOR_5Y,252,ZIRP_early,opec_prod,0.0
NOR_5Y,252,ZIRP_early,natgas_mom_1m,0.0
NOR_5Y,252,ZIRP_early,be5y_level,0.0
NOR_5Y,252,ZIRP_early,be10y_level,0.0
NOR_5Y,252,ZIRP_early,be_slope,0.0
NOR_5Y,252,ZIRP_early,be5y_chg_1m,0.0
NOR_5Y,252,ZIRP_early,ig_spread,0.0
NOR_5Y,252,ZIRP_early,hy_spread,0.0
NOR_5Y,252,ZIRP_early,ig_chg_1m,0.0
NOR_5Y,252,ZIRP_early,hy_chg_1m,0.0
NOR_5Y,252,ZIRP_early,cpi_yoy,0.0
NOR_5Y,252,ZIRP_early,pce_core_chg,0.0
NOR_5Y,252,ZIRP_early,nfp_change,0.0
NOR_5Y,252,ZIRP_early,pmi_us,0.0
NOR_5Y,252,ZIRP_early,pmi_eur,100.0
NOR_5Y,252,ZIRP_early,unemp_eur,0.0
NOR_5Y,252,ZIRP_early,cpi_nsa_level,0.0
NOR_5Y,252,ZIRP_early,pce_core_level,0.0
NOR_5Y,252,ZIRP_early,eur_3m,0.0
NOR_5Y,252,ZIRP_early,eur_1w,0.0
NOR_5Y,252,ZIRP_early,nor_ibor_1m,0.0
NOR_5Y,252,ZIRP_early,nor_ibor_6m,0.0
NOR_5Y,252,ZIRP_early,nor_ecb_dfr_chg,0.0
NOR_5Y,252,ZIRP_early,nor_ecb_dfr_level,0.0
NOR_5Y,252,ZIRP_early,nor_eurnok_chg_1d,0.0
NOR_5Y,252,ZIRP_early,nor_eurnok_level,0.0
NOR_5Y,252,ZIRP_early,nor_eurnok_mom_1m,0.0
NOR_5Y,252,ZIRP_early,nor_eurnok_mom_3m,0.0
NOR_5Y,252,ZIRP_early,nor_eurnok_rvol_20d,0.0
NOR_5Y,252,ZIRP_early,nor_govt_10y,0.0
NOR_5Y,252,ZIRP_early,nor_govt_3y,0.0
NOR_5Y,252,ZIRP_early,nor_govt_5y,0.0
NOR_5Y,252,ZIRP_early,nor_i44_chg_1d,0.0
NOR_5Y,252,ZIRP_early,nor_i44_level,0.0
NOR_5Y,252,ZIRP_early,nor_i44_mom_1m,0.0
NOR_5Y,252,ZIRP_early,nor_i44_mom_3m,0.0
NOR_5Y,252,ZIRP_early,nor_i44_rvol_20d,0.0
NOR_5Y,252,ZIRP_early,nor_kpi_yoy,0.0
NOR_5Y,252,ZIRP_early,nor_kpijae_yoy,0.0
NOR_5Y,252,ZIRP_early,nor_nibor_nowa_spread,0.0
NOR_5Y,252,ZIRP_early,nor_nowa_level,0.0
NOR_5Y,252,ZIRP_early,nor_polrate_chg_1d,0.0
NOR_5Y,252,ZIRP_early,nor_polrate_days_since_chg,0.0
NOR_5Y,252,ZIRP_early,nor_polrate_level,0.0
NOR_5Y,252,ZIRP_early,nor_rb_rate_chg,0.0
NOR_5Y,252,ZIRP_early,nor_rb_rate_level,0.0
NOR_5Y,252,ZIRP_early,nor_unemp,0.0
NOR_5Y,252,ZIRP_early,nor_usdnok_chg_1d,0.0
NOR_5Y,252,ZIRP_early,nor_usdnok_level,0.0
NOR_5Y,252,ZIRP_early,nor_usdnok_mom_1m,0.0
NOR_5Y,252,ZIRP_early,nor_usdnok_mom_3m,0.0
NOR_5Y,252,ZIRP_early,nor_usdnok_rvol_20d,0.0
NOR_5Y,252,ZIRP_early,swap_govt_spread,0.0
NOR_5Y,252,ZIRP_early,xmpca_01,0.0
NOR_5Y,252,ZIRP_early,xmpca_02,0.0
NOR_5Y,252,ZIRP_early,xmpca_03,0.0
NOR_5Y,252,ZIRP_early,xmpca_04,0.0
NOR_5Y,252,ZIRP_early,xmpca_05,0.0
NOR_5Y,252,ZIRP_early,xmpca_06,0.0
NOR_5Y,252,ZIRP_early,xmpca_07,0.0
NOR_5Y,252,ZIRP_early,xmpca_08,0.0
NOR_5Y,252,ZIRP_early,xmpca_09,0.0
NOR_5Y,252,ZIRP_early,xmpca_10,0.0
NOR_5Y,252,ZIRP_early,xmpca_11,0.0
NOR_5Y,252,ZIRP_early,xmpca_12,0.0
NOR_5Y,252,ZIRP_late,chg_lag1,0.0
NOR_5Y,252,ZIRP_late,chg_lag2,0.0
NOR_5Y,252,ZIRP_late,chg_lag3,0.0
NOR_5Y,252,ZIRP_late,chg_lag4,0.0
NOR_5Y,252,ZIRP_late,chg_lag5,0.0
NOR_5Y,252,ZIRP_late,carry_roll,0.0
NOR_5Y,252,ZIRP_late,mom_63d,0.0
NOR_5Y,252,ZIRP_late,mom_1m,0.0
NOR_5Y,252,ZIRP_late,mom_3m,0.0
NOR_5Y,252,ZIRP_late,mom_6m,0.0
NOR_5Y,252,ZIRP_late,mom_12m,0.0
NOR_5Y,252,ZIRP_late,dev_ma_3m,0.0
NOR_5Y,252,ZIRP_late,dev_ma_12m,0.0
NOR_5Y,252,ZIRP_late,vol_20d,0.0
NOR_5Y,252,ZIRP_late,vol_regime,100.00000762939453
NOR_5Y,252,ZIRP_late,vol_zscore,0.0
NOR_5Y,252,ZIRP_late,level_zscore,0.0
NOR_5Y,252,ZIRP_late,slope_10_1,0.0
NOR_5Y,252,ZIRP_late,slope_10_5,0.0
NOR_5Y,252,ZIRP_late,slope_5_1,0.0
NOR_5Y,252,ZIRP_late,sofr_mom_1m,0.0
NOR_5Y,252,ZIRP_late,ibor_level,0.0
NOR_5Y,252,ZIRP_late,ibor_chg_1d,0.0
NOR_5Y,252,ZIRP_late,ibor_mom_1m,0.0
NOR_5Y,252,ZIRP_late,ibor_term_slope,0.0
NOR_5Y,252,ZIRP_late,swap_ibor_basis,0.0
NOR_5Y,252,ZIRP_late,move_level,0.0
NOR_5Y,252,ZIRP_late,move_zscore,0.0
NOR_5Y,252,ZIRP_late,vix_level,0.0
NOR_5Y,252,ZIRP_late,vix_zscore,0.0
NOR_5Y,252,ZIRP_late,v2x_level,0.0
NOR_5Y,252,ZIRP_late,vxn_level,0.0
NOR_5Y,252,ZIRP_late,ovx_level,0.0
NOR_5Y,252,ZIRP_late,gvz_level,0.0
NOR_5Y,252,ZIRP_late,spx_mom_1m,0.0
NOR_5Y,252,ZIRP_late,spx_mom_3m,0.0
NOR_5Y,252,ZIRP_late,sx5e_mom_1m,0.0
NOR_5Y,252,ZIRP_late,sx5e_mom_3m,0.0
NOR_5Y,252,ZIRP_late,mxwo_mom_1m,0.0
NOR_5Y,252,ZIRP_late,ndx_mom_1m,0.0
NOR_5Y,252,ZIRP_late,oil_mom_1m,0.0
NOR_5Y,252,ZIRP_late,oil_mom_3m,0.0
NOR_5Y,252,ZIRP_late,copper_mom_1m,0.0
NOR_5Y,252,ZIRP_late,opec_prod,0.0
NOR_5Y,252,ZIRP_late,natgas_mom_1m,0.0
NOR_5Y,252,ZIRP_late,be5y_level,0.0
NOR_5Y,252,ZIRP_late,be10y_level,0.0
NOR_5Y,252,ZIRP_late,be_slope,0.0
NOR_5Y,252,ZIRP_late,be5y_chg_1m,0.0
NOR_5Y,252,ZIRP_late,ig_spread,0.0
NOR_5Y,252,ZIRP_late,hy_spread,0.0
NOR_5Y,252,ZIRP_late,ig_chg_1m,0.0
NOR_5Y,252,ZIRP_late,hy_chg_1m,0.0
NOR_5Y,252,ZIRP_late,cpi_yoy,0.0
NOR_5Y,252,ZIRP_late,pce_core_chg,0.0
NOR_5Y,252,ZIRP_late,nfp_change,0.0
NOR_5Y,252,ZIRP_late,pmi_us,0.0
NOR_5Y,252,ZIRP_late,pmi_eur,0.0
NOR_5Y,252,ZIRP_late,unemp_eur,0.0
NOR_5Y,252,ZIRP_late,cpi_nsa_level,0.0
NOR_5Y,252,ZIRP_late,pce_core_level,0.0
NOR_5Y,252,ZIRP_late,eur_3m,0.0
NOR_5Y,252,ZIRP_late,eur_1w,0.0
NOR_5Y,252,ZIRP_late,nor_ibor_1m,0.0
NOR_5Y,252,ZIRP_late,nor_ibor_6m,0.0
NOR_5Y,252,ZIRP_late,nor_ecb_dfr_chg,0.0
NOR_5Y,252,ZIRP_late,nor_ecb_dfr_level,0.0
NOR_5Y,252,ZIRP_late,nor_eurnok_chg_1d,0.0
NOR_5Y,252,ZIRP_late,nor_eurnok_level,0.0
NOR_5Y,252,ZIRP_late,nor_eurnok_mom_1m,0.0
NOR_5Y,252,ZIRP_late,nor_eurnok_mom_3m,0.0
NOR_5Y,252,ZIRP_late,nor_eurnok_rvol_20d,0.0
NOR_5Y,252,ZIRP_late,nor_govt_10y,0.0
NOR_5Y,252,ZIRP_late,nor_govt_3y,0.0
NOR_5Y,252,ZIRP_late,nor_govt_5y,0.0
NOR_5Y,252,ZIRP_late,nor_i44_chg_1d,0.0
NOR_5Y,252,ZIRP_late,nor_i44_level,0.0
NOR_5Y,252,ZIRP_late,nor_i44_mom_1m,0.0
NOR_5Y,252,ZIRP_late,nor_i44_mom_3m,0.0
NOR_5Y,252,ZIRP_late,nor_i44_rvol_20d,0.0
NOR_5Y,252,ZIRP_late,nor_kpi_yoy,0.0
NOR_5Y,252,ZIRP_late,nor_kpijae_yoy,0.0
NOR_5Y,252,ZIRP_late,nor_nibor_nowa_spread,0.0
NOR_5Y,252,ZIRP_late,nor_nowa_level,0.0
NOR_5Y,252,ZIRP_late,nor_polrate_chg_1d,0.0
NOR_5Y,252,ZIRP_late,nor_polrate_days_since_chg,0.0
NOR_5Y,252,ZIRP_late,nor_polrate_level,0.0
NOR_5Y,252,ZIRP_late,nor_rb_rate_chg,0.0
NOR_5Y,252,ZIRP_late,nor_rb_rate_level,0.0
NOR_5Y,252,ZIRP_late,nor_unemp,0.0
NOR_5Y,252,ZIRP_late,nor_usdnok_chg_1d,0.0
NOR_5Y,252,ZIRP_late,nor_usdnok_level,0.0
NOR_5Y,252,ZIRP_late,nor_usdnok_mom_1m,0.0
NOR_5Y,252,ZIRP_late,nor_usdnok_mom_3m,0.0
NOR_5Y,252,ZIRP_late,nor_usdnok_rvol_20d,0.0
NOR_5Y,252,ZIRP_late,swap_govt_spread,0.0
NOR_5Y,252,ZIRP_late,xmpca_01,0.0
NOR_5Y,252,ZIRP_late,xmpca_02,0.0
NOR_5Y,252,ZIRP_late,xmpca_03,0.0
NOR_5Y,252,ZIRP_late,xmpca_04,0.0
NOR_5Y,252,ZIRP_late,xmpca_05,0.0
NOR_5Y,252,ZIRP_late,xmpca_06,0.0
NOR_5Y,252,ZIRP_late,xmpca_07,0.0
NOR_5Y,252,ZIRP_late,xmpca_08,0.0
NOR_5Y,252,ZIRP_late,xmpca_09,0.0
NOR_5Y,252,ZIRP_late,xmpca_10,0.0
NOR_5Y,252,ZIRP_late,xmpca_11,0.0
NOR_5Y,252,ZIRP_late,xmpca_12,0.0
NOR_5Y,252,COVID,chg_lag1,0.0
NOR_5Y,252,COVID,chg_lag2,0.0
NOR_5Y,252,COVID,chg_lag3,0.0
NOR_5Y,252,COVID,chg_lag4,0.0
NOR_5Y,252,COVID,chg_lag5,0.0
NOR_5Y,252,COVID,carry_roll,0.0
NOR_5Y,252,COVID,mom_63d,0.0
NOR_5Y,252,COVID,mom_1m,0.0
NOR_5Y,252,COVID,mom_3m,0.0
NOR_5Y,252,COVID,mom_6m,10.219672203063965
NOR_5Y,252,COVID,mom_12m,0.0
NOR_5Y,252,COVID,dev_ma_3m,0.0
NOR_5Y,252,COVID,dev_ma_12m,0.0
NOR_5Y,252,COVID,vol_20d,0.0
NOR_5Y,252,COVID,vol_regime,0.0
NOR_5Y,252,COVID,vol_zscore,0.0
NOR_5Y,252,COVID,level_zscore,0.0
NOR_5Y,252,COVID,slope_10_1,0.0
NOR_5Y,252,COVID,slope_10_5,0.0
NOR_5Y,252,COVID,slope_5_1,0.0
NOR_5Y,252,COVID,sofr_mom_1m,0.0
NOR_5Y,252,COVID,ibor_level,0.0
NOR_5Y,252,COVID,ibor_chg_1d,0.0
NOR_5Y,252,COVID,ibor_mom_1m,0.0
NOR_5Y,252,COVID,ibor_term_slope,0.0
NOR_5Y,252,COVID,swap_ibor_basis,0.0
NOR_5Y,252,COVID,move_level,0.0
NOR_5Y,252,COVID,move_zscore,0.0
NOR_5Y,252,COVID,vix_level,0.0
NOR_5Y,252,COVID,vix_zscore,0.0
NOR_5Y,252,COVID,v2x_level,0.0
NOR_5Y,252,COVID,vxn_level,0.0
NOR_5Y,252,COVID,ovx_level,0.0
NOR_5Y,252,COVID,gvz_level,0.0
NOR_5Y,252,COVID,spx_mom_1m,0.0
NOR_5Y,252,COVID,spx_mom_3m,0.0
NOR_5Y,252,COVID,sx5e_mom_1m,0.0
NOR_5Y,252,COVID,sx5e_mom_3m,0.0
NOR_5Y,252,COVID,mxwo_mom_1m,0.0
NOR_5Y,252,COVID,ndx_mom_1m,0.0
NOR_5Y,252,COVID,oil_mom_1m,0.0
NOR_5Y,252,COVID,oil_mom_3m,0.0
NOR_5Y,252,COVID,copper_mom_1m,0.0
NOR_5Y,252,COVID,opec_prod,29.369569778442383
NOR_5Y,252,COVID,natgas_mom_1m,0.0
NOR_5Y,252,COVID,be5y_level,0.0
NOR_5Y,252,COVID,be10y_level,0.0
NOR_5Y,252,COVID,be_slope,0.0
NOR_5Y,252,COVID,be5y_chg_1m,0.0
NOR_5Y,252,COVID,ig_spread,0.0
NOR_5Y,252,COVID,hy_spread,0.0
NOR_5Y,252,COVID,ig_chg_1m,0.0
NOR_5Y,252,COVID,hy_chg_1m,0.0
NOR_5Y,252,COVID,cpi_yoy,0.0
NOR_5Y,252,COVID,pce_core_chg,0.0
NOR_5Y,252,COVID,nfp_change,0.0
NOR_5Y,252,COVID,pmi_us,0.0
NOR_5Y,252,COVID,pmi_eur,24.698509216308594
NOR_5Y,252,COVID,unemp_eur,0.0
NOR_5Y,252,COVID,cpi_nsa_level,0.0
NOR_5Y,252,COVID,pce_core_level,0.0
NOR_5Y,252,COVID,eur_3m,0.0
NOR_5Y,252,COVID,eur_1w,0.0
NOR_5Y,252,COVID,nor_ibor_1m,0.0
NOR_5Y,252,COVID,nor_ibor_6m,14.876846313476562
NOR_5Y,252,COVID,nor_ecb_dfr_chg,0.0
NOR_5Y,252,COVID,nor_ecb_dfr_level,0.0
NOR_5Y,252,COVID,nor_eurnok_chg_1d,0.0
NOR_5Y,252,COVID,nor_eurnok_level,0.0
NOR_5Y,252,COVID,nor_eurnok_mom_1m,0.0
NOR_5Y,252,COVID,nor_eurnok_mom_3m,0.0
NOR_5Y,252,COVID,nor_eurnok_rvol_20d,0.0
NOR_5Y,252,COVID,nor_govt_10y,0.0
NOR_5Y,252,COVID,nor_govt_3y,0.0
NOR_5Y,252,COVID,nor_govt_5y,0.0
NOR_5Y,252,COVID,nor_i44_chg_1d,0.0
NOR_5Y,252,COVID,nor_i44_level,0.0
NOR_5Y,252,COVID,nor_i44_mom_1m,0.0
NOR_5Y,252,COVID,nor_i44_mom_3m,0.0
NOR_5Y,252,COVID,nor_i44_rvol_20d,0.0
NOR_5Y,252,COVID,nor_kpi_yoy,0.0
NOR_5Y,252,COVID,nor_kpijae_yoy,20.83540916442871
NOR_5Y,252,COVID,nor_nibor_nowa_spread,0.0
NOR_5Y,252,COVID,nor_nowa_level,0.0
NOR_5Y,252,COVID,nor_polrate_chg_1d,0.0
NOR_5Y,252,COVID,nor_polrate_days_since_chg,0.0
NOR_5Y,252,COVID,nor_polrate_level,0.0
NOR_5Y,252,COVID,nor_rb_rate_chg,0.0
NOR_5Y,252,COVID,nor_rb_rate_level,0.0
NOR_5Y,252,COVID,nor_unemp,0.0
NOR_5Y,252,COVID,nor_usdnok_chg_1d,0.0
NOR_5Y,252,COVID,nor_usdnok_level,0.0
NOR_5Y,252,COVID,nor_usdnok_mom_1m,0.0
NOR_5Y,252,COVID,nor_usdnok_mom_3m,0.0
NOR_5Y,252,COVID,nor_usdnok_rvol_20d,0.0
NOR_5Y,252,COVID,swap_govt_spread,0.0
NOR_5Y,252,COVID,xmpca_01,0.0
NOR_5Y,252,COVID,xmpca_02,0.0
NOR_5Y,252,COVID,xmpca_03,0.0
NOR_5Y,252,COVID,xmpca_04,0.0
NOR_5Y,252,COVID,xmpca_05,0.0
NOR_5Y,252,COVID,xmpca_06,0.0
NOR_5Y,252,COVID,xmpca_07,0.0
NOR_5Y,252,COVID,xmpca_08,0.0
NOR_5Y,252,COVID,xmpca_09,0.0
NOR_5Y,252,COVID,xmpca_10,0.0
NOR_5Y,252,COVID,xmpca_11,0.0
NOR_5Y,252,COVID,xmpca_12,0.0
NOR_5Y,252,Hiking,chg_lag1,0.0
NOR_5Y,252,Hiking,chg_lag2,0.0
NOR_5Y,252,Hiking,chg_lag3,0.0
NOR_5Y,252,Hiking,chg_lag4,0.0
NOR_5Y,252,Hiking,chg_lag5,0.0
NOR_5Y,252,Hiking,carry_roll,0.0
NOR_5Y,252,Hiking,mom_63d,0.0
NOR_5Y,252,Hiking,mom_1m,0.0
NOR_5Y,252,Hiking,mom_3m,0.0
NOR_5Y,252,Hiking,mom_6m,0.0
NOR_5Y,252,Hiking,mom_12m,0.0
NOR_5Y,252,Hiking,dev_ma_3m,0.0
NOR_5Y,252,Hiking,dev_ma_12m,0.0
NOR_5Y,252,Hiking,vol_20d,0.0
NOR_5Y,252,Hiking,vol_regime,12.790082931518555
NOR_5Y,252,Hiking,vol_zscore,0.0
NOR_5Y,252,Hiking,level_zscore,0.0
NOR_5Y,252,Hiking,slope_10_1,0.0
NOR_5Y,252,Hiking,slope_10_5,0.0
NOR_5Y,252,Hiking,slope_5_1,0.0
NOR_5Y,252,Hiking,sofr_mom_1m,0.0
NOR_5Y,252,Hiking,ibor_level,0.0
NOR_5Y,252,Hiking,ibor_chg_1d,0.0
NOR_5Y,252,Hiking,ibor_mom_1m,0.0
NOR_5Y,252,Hiking,ibor_term_slope,0.0
NOR_5Y,252,Hiking,swap_ibor_basis,0.0
NOR_5Y,252,Hiking,move_level,0.0
NOR_5Y,252,Hiking,move_zscore,0.0
NOR_5Y,252,Hiking,vix_level,0.0
NOR_5Y,252,Hiking,vix_zscore,0.0
NOR_5Y,252,Hiking,v2x_level,0.0
NOR_5Y,252,Hiking,vxn_level,0.0
NOR_5Y,252,Hiking,ovx_level,0.0
NOR_5Y,252,Hiking,gvz_level,0.0
NOR_5Y,252,Hiking,spx_mom_1m,0.0
NOR_5Y,252,Hiking,spx_mom_3m,0.0
NOR_5Y,252,Hiking,sx5e_mom_1m,0.0
NOR_5Y,252,Hiking,sx5e_mom_3m,0.0
NOR_5Y,252,Hiking,mxwo_mom_1m,0.0
NOR_5Y,252,Hiking,ndx_mom_1m,0.0
NOR_5Y,252,Hiking,oil_mom_1m,0.0
NOR_5Y,252,Hiking,oil_mom_3m,0.0
NOR_5Y,252,Hiking,copper_mom_1m,0.0
NOR_5Y,252,Hiking,opec_prod,0.0
NOR_5Y,252,Hiking,natgas_mom_1m,0.0
NOR_5Y,252,Hiking,be5y_level,0.0
NOR_5Y,252,Hiking,be10y_level,0.0
NOR_5Y,252,Hiking,be_slope,0.0
NOR_5Y,252,Hiking,be5y_chg_1m,0.0
NOR_5Y,252,Hiking,ig_spread,0.0
NOR_5Y,252,Hiking,hy_spread,0.0
NOR_5Y,252,Hiking,ig_chg_1m,0.0
NOR_5Y,252,Hiking,hy_chg_1m,0.0
NOR_5Y,252,Hiking,cpi_yoy,0.0
NOR_5Y,252,Hiking,pce_core_chg,0.0
NOR_5Y,252,Hiking,nfp_change,0.0
NOR_5Y,252,Hiking,pmi_us,0.0
NOR_5Y,252,Hiking,pmi_eur,0.0
NOR_5Y,252,Hiking,unemp_eur,0.0
NOR_5Y,252,Hiking,cpi_nsa_level,0.0
NOR_5Y,252,Hiking,pce_core_level,0.0
NOR_5Y,252,Hiking,eur_3m,0.0
NOR_5Y,252,Hiking,eur_1w,0.0
NOR_5Y,252,Hiking,nor_ibor_1m,0.0
NOR_5Y,252,Hiking,nor_ibor_6m,0.0
NOR_5Y,252,Hiking,nor_ecb_dfr_chg,0.0
NOR_5Y,252,Hiking,nor_ecb_dfr_level,0.0
NOR_5Y,252,Hiking,nor_eurnok_chg_1d,0.0
NOR_5Y,252,Hiking,nor_eurnok_level,0.0
NOR_5Y,252,Hiking,nor_eurnok_mom_1m,0.0
NOR_5Y,252,Hiking,nor_eurnok_mom_3m,0.0
NOR_5Y,252,Hiking,nor_eurnok_rvol_20d,0.0
NOR_5Y,252,Hiking,nor_govt_10y,0.0
NOR_5Y,252,Hiking,nor_govt_3y,0.0
NOR_5Y,252,Hiking,nor_govt_5y,0.0
NOR_5Y,252,Hiking,nor_i44_chg_1d,0.0
NOR_5Y,252,Hiking,nor_i44_level,0.0
NOR_5Y,252,Hiking,nor_i44_mom_1m,0.0
NOR_5Y,252,Hiking,nor_i44_mom_3m,0.0
NOR_5Y,252,Hiking,nor_i44_rvol_20d,0.0
NOR_5Y,252,Hiking,nor_kpi_yoy,0.0
NOR_5Y,252,Hiking,nor_kpijae_yoy,0.0
NOR_5Y,252,Hiking,nor_nibor_nowa_spread,0.0
NOR_5Y,252,Hiking,nor_nowa_level,0.0
NOR_5Y,252,Hiking,nor_polrate_chg_1d,0.0
NOR_5Y,252,Hiking,nor_polrate_days_since_chg,0.0
NOR_5Y,252,Hiking,nor_polrate_level,87.20992279052734
NOR_5Y,252,Hiking,nor_rb_rate_chg,0.0
NOR_5Y,252,Hiking,nor_rb_rate_level,0.0
NOR_5Y,252,Hiking,nor_unemp,0.0
NOR_5Y,252,Hiking,nor_usdnok_chg_1d,0.0
NOR_5Y,252,Hiking,nor_usdnok_level,0.0
NOR_5Y,252,Hiking,nor_usdnok_mom_1m,0.0
NOR_5Y,252,Hiking,nor_usdnok_mom_3m,0.0
NOR_5Y,252,Hiking,nor_usdnok_rvol_20d,0.0
NOR_5Y,252,Hiking,swap_govt_spread,0.0
NOR_5Y,252,Hiking,xmpca_01,0.0
NOR_5Y,252,Hiking,xmpca_02,0.0
NOR_5Y,252,Hiking,xmpca_03,0.0
NOR_5Y,252,Hiking,xmpca_04,0.0
NOR_5Y,252,Hiking,xmpca_05,0.0
NOR_5Y,252,Hiking,xmpca_06,0.0
NOR_5Y,252,Hiking,xmpca_07,0.0
NOR_5Y,252,Hiking,xmpca_08,0.0
NOR_5Y,252,Hiking,xmpca_09,0.0
NOR_5Y,252,Hiking,xmpca_10,0.0
NOR_5Y,252,Hiking,xmpca_11,0.0
NOR_5Y,252,Hiking,xmpca_12,0.0
